"site_id","village","OBJECTID","UID","PRO_ID","TOWN_ID","VILLAGE_ID","V_Name","T_Name","C_Name","KMT_c","DPP_c","PFP_c","KMT_p","DPP_p","PFP_p","v","tax_no","income_total","income_mean","income_median","income_Q1","income_Q3","income_sd","income_cv","household_no","people_total","age_mean","age_SD","age_people_up20"
"臺北市士林區","三玉里",5111,6587,63,6301100,"6301100-033","三玉里","士林區","臺北市",1207,1885,344,35.13,54.86,10.01,6,2202,4737153,2151,784,421,1560,23048.79,1071.39,2166,6156,48.2234526399051,16.9272629877268,5057
"臺北市士林區","仁勇里",5079,6555,63,6301100,"6301100-001","仁勇里","士林區","臺北市",668,1420,235,28.76,61.13,10.12,7,1282,1435202,1120,633,351,1181,4579.38,409.06,1575,4294,48.7030976037405,17.2885940512261,3422
"臺北市士林區","公館里",2968,6598,63,6301100,"6301100-044","公館里","士林區","臺北市",170,549,68,21.6,69.76,8.64,7,408,738616,1810,672,356,1295,5629.67,310.97,541,1460,49.9759807846277,17.7370546039541,1249
"臺北市士林區","天山里",2964,6594,63,6301100,"6301100-040","天山里","士林區","臺北市",1531,2054,367,38.74,51.97,9.29,6,2518,3950207,1569,747,375,1559,7219.26,460.18,2665,7346,49.513304142809,17.4897142893567,5938
"臺北市士林區","天母里",2966,6596,63,6301100,"6301100-042","天母里","士林區","臺北市",1457,2015,414,37.49,51.85,10.65,6,2458,7323380,2979,842,420,1809,17178.28,576.57,2586,7190,49.3253995830438,17.4361015823896,5756
"臺北市士林區","天玉里",2965,6595,63,6301100,"6301100-041","天玉里","士林區","臺北市",1876,2615,490,37.66,52.5,9.84,6,3121,5442544,1744,812,422,1782,4406.34,252.68,3479,9423,49.0092378752887,17.0032536096483,7361
"臺北市士林區","天和里",2963,6593,63,6301100,"6301100-039","天和里","士林區","臺北市",1619,2336,385,37.3,53.82,8.87,6,2795,6619623,2368,807,410,1663,27054.75,1142.33,2767,8065,48.3741995939403,17.0291635902536,6403
"臺北市士林區","天祿里",2961,6591,63,6301100,"6301100-037","天祿里","士林區","臺北市",1018,1747,289,33.33,57.2,9.46,6,1903,2649194,1392,758,420,1439,3516.67,252.61,1981,5583,48.7128647214854,16.9928341587941,4524
"臺北市士林區","天壽里",2962,6592,63,6301100,"6301100-038","天壽里","士林區","臺北市",1070,1558,258,37.08,53.98,8.94,6,1900,4703272,2475,907,451,1900,10126.67,409.09,1948,5342,49.433459178858,16.8190599500874,4238
"臺北市士林區","天福里",2960,6590,63,6301100,"6301100-036","天福里","士林區","臺北市",1352,1920,316,37.68,53.51,8.81,6,2215,2994044,1352,773,399,1479,3899.66,288.5,2339,6695,48.1185673892554,16.7798318257458,5305
"臺北市士林區","平等里",2972,6602,63,6301100,"6301100-048","平等里","士林區","臺北市",139,717,54,15.27,78.79,5.93,8,373,373631,1002,622,371,1026,2686.78,268.22,531,1541,49,17.4136212911472,1298
"臺北市士林區","永倫里",5100,6576,63,6301100,"6301100-022","永倫里","士林區","臺北市",1050,2936,386,24.02,67.15,8.83,7,2333,1885738,808,589,362,1003,773.39,95.68,2738,7732,47.2214943066604,16.5960732928586,6411
"臺北市士林區","永福里",2967,6597,63,6301100,"6301100-043","永福里","士林區","臺北市",191,486,70,25.57,65.06,9.37,7,445,2649061,5953,788,422,1700,28103.68,472.1,467,1334,52.1419807186678,18.3201875481613,1141
"臺北市士林區","名山里",5104,6580,63,6301100,"6301100-026","名山里","士林區","臺北市",1619,2206,453,37.84,51.57,10.59,6,2659,3663017,1378,766,400,1536,2784.98,202.16,2696,7593,48.9475975491777,17.0675289144233,6202
"臺北市士林區","百齡里",5089,6565,63,6301100,"6301100-011","百齡里","士林區","臺北市",1245,2661,416,28.81,61.57,9.63,7,2421,2165184,894,639,382,1115,1416.78,158.42,2565,7725,46.9896373056995,16.3664882991646,6176
"臺北市士林區","岩山里",5103,6579,63,6301100,"6301100-025","岩山里","士林區","臺北市",784,1015,211,39,50.5,10.5,6,1203,1887920,1569,679,379,1393,6951.98,442.99,1291,3661,48.8994082840237,16.9399218702465,3042
"臺北市士林區","忠誠里",5108,6584,63,6301100,"6301100-030","忠誠里","士林區","臺北市",1620,1342,358,48.8,40.42,10.78,1,2088,5319205,2548,760,391,1501,33819.1,1327.53,2186,5958,50.0967479674797,17.3914867266285,4920
"臺北市士林區","承德里",5090,6566,63,6301100,"6301100-012","承德里","士林區","臺北市",1179,1811,325,35.57,54.63,9.8,6,2087,2522477,1209,738,403,1369,1972.23,163.18,2392,5957,48.617671009772,16.9791378155715,4912
"臺北市士林區","明勝里",5092,6568,63,6301100,"6301100-014","明勝里","士林區","臺北市",851,1784,291,29.08,60.97,9.95,7,1715,1747371,1019,655,374,1191,2503.43,245.71,1956,5202,48.6757884972171,17.1861652109063,4312
"臺北市士林區","東山里",5110,6586,63,6301100,"6301100-032","東山里","士林區","臺北市",1257,1393,331,42.17,46.73,11.1,5,1719,3396999,1976,759,408,1521,13183.26,667.12,1803,5471,48.5283961835529,17.3044795858916,4402
"臺北市士林區","社子里",5097,6573,63,6301100,"6301100-019","社子里","士林區","臺北市",911,2510,414,23.75,65.45,10.8,7,1948,1712728,879,621,373,1053,1197.68,136.22,2428,6840,47.4328088261892,16.6276625633944,5529
"臺北市士林區","社園里",5099,6575,63,6301100,"6301100-021","社園里","士林區","臺北市",913,3020,393,21.1,69.81,9.08,7,2163,1775584,821,600,372,1022,866.38,105.54,2643,7841,46.6253196930946,16.3539208509637,6256
"臺北市士林區","社新里",5098,6574,63,6301100,"6301100-020","社新里","士林區","臺北市",1262,3516,496,23.93,66.67,9.4,7,2637,2108219,799,579,356,1008,776.97,97.19,3435,9589,47.2978448832107,16.3678618262319,7749
"臺北市士林區","芝山里",5109,6585,63,6301100,"6301100-031","芝山里","士林區","臺北市",1547,2366,476,35.25,53.91,10.85,6,2731,6019426,2204,802,409,1630,19453.42,882.6,2814,7996,47.6260439220538,16.7423007876461,6466
"臺北市士林區","前港里",5088,6564,63,6301100,"6301100-010","前港里","士林區","臺北市",727,1631,308,27.27,61.18,11.55,7,1519,1808133,1190,674,373,1302,5209.74,437.67,1745,4886,46.9934844930936,16.2387134245844,3837
"臺北市士林區","後港里",5086,6562,63,6301100,"6301100-008","後港里","士林區","臺北市",1324,2909,443,28.31,62.21,9.47,7,2793,2868645,1027,656,365,1216,1530.93,149.06,3092,8633,47.5007070135747,16.8113787135756,7072
"臺北市士林區","富光里",5094,6570,63,6301100,"6301100-016","富光里","士林區","臺北市",810,2227,339,23.99,65.97,10.04,7,1709,1382410,809,568,356,963,1859.15,229.84,2161,6278,47.5140554354236,16.7174200724215,5087
"臺北市士林區","富洲里",5102,6578,63,6301100,"6301100-024","富洲里","士林區","臺北市",596,2645,266,16.99,75.42,7.58,8,1493,1132881,759,545,346,911,855.01,112.68,2355,6028,46.7579936051159,16.679311332005,5004
"臺北市士林區","菁山里",2971,6601,63,6301100,"6301100-047","菁山里","士林區","臺北市",289,565,96,30.42,59.47,10.11,6,437,2667376,6104,646,388,1076,71691.65,1174.53,585,1722,49.1090277777778,17.0489060140821,1440
"臺北市士林區","陽明里",2970,6600,63,6301100,"6301100-046","陽明里","士林區","臺北市",618,967,173,35.15,55.01,9.84,6,987,2202526,2232,745,398,1502,7795.34,349.33,1409,3128,51.8865942028986,18.229847956483,2760
"臺北市士林區","新安里",2969,6599,63,6301100,"6301100-045","新安里","士林區","臺北市",335,780,86,27.89,64.95,7.16,7,697,4031935,5785,644,340,1430,61689.87,1066.43,776,2080,51.6274620146314,18.2295032540066,1777
"臺北市士林區","溪山里",2973,6603,63,6301100,"6301100-049","溪山里","士林區","臺北市",195,548,76,23.81,66.91,9.28,7,349,474377,1359,581,348,1011,7726.14,568.41,556,1515,50.3629222309505,17.2142437671683,1273
"臺北市士林區","義信里",5080,6556,63,6301100,"6301100-002","義信里","士林區","臺北市",605,1003,170,34.03,56.41,9.56,6,1042,1684201,1616,700,383,1302,11782.53,728.97,1318,3389,48.5011127596439,17.0614833004524,2696
"臺北市士林區","聖山里",5107,6583,63,6301100,"6301100-029","聖山里","士林區","臺北市",1298,1467,298,42.38,47.89,9.73,5,1818,2684186,1476,796,439,1548,4497.77,304.63,1949,5345,49.0231439046746,17.1228821772855,4364
"臺北市士林區","葫東里",5096,6572,63,6301100,"6301100-018","葫東里","士林區","臺北市",595,1620,222,24.42,66.48,9.11,7,1282,1070145,835,609,350,1005,939.65,112.57,1583,4339,47.4828555368184,16.7169207578896,3558
"臺北市士林區","葫蘆里",5095,6571,63,6301100,"6301100-017","葫蘆里","士林區","臺北市",1386,2762,400,30.47,60.73,8.8,7,2358,1984960,842,620,356,1051,1052.96,125.08,2823,8230,47.6350387126158,16.7480577787433,6587
"臺北市士林區","福中里",5087,6563,63,6301100,"6301100-009","福中里","士林區","臺北市",1062,2569,401,26.34,63.72,9.95,7,2293,2260226,986,664,386,1209,1214.19,123.18,2612,7475,46.5500514226946,15.9316433022677,5834
"臺北市士林區","福安里",5101,6577,63,6301100,"6301100-023","福安里","士林區","臺北市",374,2356,200,12.76,80.41,6.83,8,1175,891405,759,537,344,880,912.62,120.3,1848,5057,47.0009610764056,16.6156049183708,4162
"臺北市士林區","福志里",5083,6559,63,6301100,"6301100-005","福志里","士林區","臺北市",1859,2325,381,40.72,50.93,8.35,6,2804,3641925,1299,752,420,1523,2249.8,173.22,3014,7921,50.3168768038888,17.5351949425163,6583
"臺北市士林區","福佳里",5085,6561,63,6301100,"6301100-007","福佳里","士林區","臺北市",1518,2732,436,32.39,58.3,9.3,6,2696,3449735,1280,700,381,1368,2697.76,210.83,2987,8304,48.7439975990396,17.2840789381295,6664
"臺北市士林區","福林里",5081,6557,63,6301100,"6301100-003","福林里","士林區","臺北市",657,933,194,36.83,52.3,10.87,6,1014,2378087,2345,742,390,1439,21513.37,917.32,1253,3216,50.2403918613414,18.0845438759561,2654
"臺北市士林區","福華里",5091,6567,63,6301100,"6301100-013","福華里","士林區","臺北市",1134,2160,368,30.97,58.98,10.05,6,1913,1623796,849,584,350,1052,1144.28,134.81,2606,6827,47.955017921147,16.9690932919298,5580
"臺北市士林區","福順里",5093,6569,63,6301100,"6301100-015","福順里","士林區","臺北市",761,2090,302,24.14,66.29,9.58,7,1642,1417414,863,599,355,1036,999.48,115.78,2089,5592,48.164907651715,16.7246856405731,4548
"臺北市士林區","福德里",5082,6558,63,6301100,"6301100-004","福德里","士林區","臺北市",966,1470,297,35.35,53.79,10.87,6,1525,1906942,1250,737,386,1459,3339.48,267.06,2890,6084,51.0487947122862,17.0327807662537,5144
"臺北市士林區","翠山里",2974,6604,63,6301100,"6301100-050","翠山里","士林區","臺北市",857,543,163,54.83,34.74,10.43,2,1023,1357451,1327,722,383,1510,2591.19,195.28,1193,2755,52.6738768718802,18.1923801435107,2404
"臺北市士林區","德行里",5105,6581,63,6301100,"6301100-027","德行里","士林區","臺北市",893,1423,277,34.44,54.88,10.68,6,1591,2025196,1273,702,361,1332,4052.69,318.38,1892,4633,48.5365087673384,16.9106071950275,3821
"臺北市士林區","德華里",5106,6582,63,6301100,"6301100-028","德華里","士林區","臺北市",1100,2000,302,32.33,58.79,8.88,6,1922,2229476,1160,681,371,1229,6734.25,580.55,2230,5895,48.3817325414704,17.1613301768544,4883
"臺北市士林區","臨溪里",2975,6605,63,6301100,"6301100-051","臨溪里","士林區","臺北市",695,880,179,39.62,50.17,10.21,6,1108,3976388,3589,888,425,1902,24287.97,676.77,1189,3055,50.9644631257165,18.0827894314658,2617
"臺北市士林區","舊佳里",5084,6560,63,6301100,"6301100-006","舊佳里","士林區","臺北市",1210,2128,303,33.23,58.45,8.32,6,2186,2676478,1224,662,364,1281,5112.9,417.59,2421,6393,49.7844729882886,17.4828918678201,5294
"臺北市士林區","蘭雅里",2958,6588,63,6301100,"6301100-034","蘭雅里","士林區","臺北市",1847,2803,466,36.1,54.79,9.11,6,3132,4307505,1375,767,408,1471,3499.76,254.47,3294,9055,48.2340283346699,16.9931870571727,7482
"臺北市士林區","蘭興里",2959,6589,63,6301100,"6301100-035","蘭興里","士林區","臺北市",1334,2187,362,34.35,56.32,9.32,6,2389,3479965,1457,808,425,1587,2665.4,182.98,2461,6865,48.183862906105,16.6602365263848,5602
"臺北市大同區","大有里",4924,6400,63,6300600,"6300600-009","大有里","大同區","臺北市",712,1928,314,24.1,65.27,10.63,7,1721,1767096,1027,619,349,1208,1643.25,160.04,1930,5213,48.5098598241863,17.2263717393363,4209
"臺北市大同區","民權里",4928,6404,63,6300600,"6300600-013","民權里","大同區","臺北市",1050,2252,371,28.59,61.31,10.1,7,2191,2559067,1168,744,400,1378,2124.51,181.89,2633,7076,47.3524650478293,16.443140580279,5436
"臺北市大同區","永樂里",4920,6396,63,6300600,"6300600-005","永樂里","大同區","臺北市",797,2033,318,25.32,64.58,10.1,7,2020,2817369,1395,633,353,1212,5702.1,408.83,2252,5694,48.8883358580394,17.2022251703699,4621
"臺北市大同區","玉泉里",4916,6392,63,6300600,"6300600-001","玉泉里","大同區","臺北市",529,1058,154,30.38,60.77,8.85,7,1075,1211748,1127,684,403,1287,1546.41,137.19,1284,3190,49.2712456344587,17.1714561244311,2577
"臺北市大同區","光能里",4923,6399,63,6300600,"6300600-008","光能里","大同區","臺北市",819,1930,314,26.74,63.01,10.25,7,1721,2982369,1733,621,362,1167,21141.88,1220.01,2024,5504,48.5492167407061,16.921574937273,4277
"臺北市大同區","老師里",4938,6414,63,6300600,"6300600-024","老師里","大同區","臺北市",839,2402,346,23.39,66.96,9.65,7,1845,1560949,846,599,358,1056,921.97,108.97,2311,6235,48.2129322133229,17.1495376812809,5119
"臺北市大同區","至聖里",4937,6413,63,6300600,"6300600-022","至聖里","大同區","臺北市",1375,2985,476,28.43,61.72,9.84,7,2744,3076994,1121,621,354,1151,3862.99,344.49,3322,8378,48.7393174648695,17.2737705413967,6974
"臺北市大同區","延平里",4925,6401,63,6300600,"6300600-010","延平里","大同區","臺北市",695,1440,307,28.46,58.97,12.57,6,1336,1270097,951,603,351,1116,1366.86,143.78,1824,4317,48.6652777777778,16.7857881333041,3600
"臺北市大同區","保安里",4940,6416,63,6300600,"6300600-026","保安里","大同區","臺北市",622,1661,244,24.61,65.73,9.66,7,1314,1686238,1283,660,363,1209,5877.06,457.97,1678,4344,49.6247920133112,17.552435851598,3606
"臺北市大同區","南芳里",4927,6403,63,6300600,"6300600-012","南芳里","大同區","臺北市",649,1441,201,28.33,62.9,8.77,7,1326,1235228,932,590,343,1137,1339.42,143.78,1652,4302,48.5657779079988,16.9784552025916,3413
"臺北市大同區","建功里",4918,6394,63,6300600,"6300600-003","建功里","大同區","臺北市",774,1625,254,29.17,61.25,9.57,7,1480,1519206,1026,614,345,1157,2080.68,202.7,2003,4848,49.2227523857358,16.7673193489639,3982
"臺北市大同區","建明里",4917,6393,63,6300600,"6300600-002","建明里","大同區","臺北市",542,1269,207,26.86,62.88,10.26,7,1263,1472718,1166,616,343,1203,2450.03,210.11,1511,3609,49.3102068045364,17.1951820407405,2998
"臺北市大同區","建泰里",4919,6395,63,6300600,"6300600-004","建泰里","大同區","臺北市",570,1419,203,26,64.74,9.26,7,1371,1572706,1147,698,382,1256,1885.24,164.35,1636,4021,48.1686064800252,17.0187952547793,3179
"臺北市大同區","星明里",4922,6398,63,6300600,"6300600-007","星明里","大同區","臺北市",942,2034,367,28.18,60.84,10.98,7,1999,2484013,1243,701,378,1344,4041.15,325.21,2584,6394,47.1290192926045,16.102572451403,4976
"臺北市大同區","重慶里",4939,6415,63,6300600,"6300600-025","重慶里","大同區","臺北市",1194,2343,397,30.35,59.56,10.09,6,2328,2540899,1091,704,371,1298,1691.45,154.97,2589,7090,47.837435806623,16.8125150817347,5647
"臺北市大同區","國順里",4932,6408,63,6300600,"6300600-017","國順里","大同區","臺北市",396,1192,214,21.98,66.15,11.88,7,805,579499,720,542,322,902,619.05,85.99,1138,3079,48.6774566473988,16.861706923995,2595
"臺北市大同區","國慶里",4933,6409,63,6300600,"6300600-018","國慶里","大同區","臺北市",702,1698,247,26.52,64.15,9.33,7,1548,1685401,1089,683,382,1309,1942.09,178.38,1828,4597,47.6779794790844,16.9677088344093,3801
"臺北市大同區","揚雅里",4934,6410,63,6300600,"6300600-019","揚雅里","大同區","臺北市",513,1433,225,23.63,66.01,10.36,7,1172,1396326,1191,597,356,1057,4948.27,415.33,2199,4399,50.3606258148631,17.3870446944497,3835
"臺北市大同區","斯文里",4935,6411,63,6300600,"6300600-020","斯文里","大同區","臺北市",792,2047,314,25.12,64.92,9.96,7,1694,1739075,1027,601,338,1055,4215.87,410.66,2303,5623,48.5491733785502,16.7975634333939,4718
"臺北市大同區","景星里",4929,6405,63,6300600,"6300600-014","景星里","大同區","臺北市",422,1034,147,26.33,64.5,9.17,7,778,597489,768,556,324,979,731.73,95.28,1163,2944,49.0541530944625,16.9792913439677,2456
"臺北市大同區","朝陽里",4921,6397,63,6300600,"6300600-006","朝陽里","大同區","臺北市",693,1646,276,26.5,62.94,10.55,7,1530,1969553,1287,640,340,1257,3697.44,287.23,2014,4643,48.6787658802178,16.9641678136581,3857
"臺北市大同區","隆和里",4930,6406,63,6300600,"6300600-015","隆和里","大同區","臺北市",455,1190,164,25.15,65.78,9.07,7,955,925537,969,597,336,1130,1437.62,148.34,1198,3237,49.0381970970206,17.5836338358514,2618
"臺北市大同區","蓬萊里",4931,6407,63,6300600,"6300600-016","蓬萊里","大同區","臺北市",770,1813,304,26.67,62.8,10.53,7,1719,2028658,1180,615,340,1182,3443.37,291.78,2039,5130,48.2774783220061,17.0557163702235,4267
"臺北市大同區","鄰江里",4936,6412,63,6300600,"6300600-021","鄰江里","大同區","臺北市",1023,2638,353,25.49,65.72,8.79,7,2047,1731495,846,585,345,1009,964.77,114.06,2577,6672,48.8728108968689,17.2351688090566,5653
"臺北市大同區","雙連里",4926,6402,63,6300600,"6300600-011","雙連里","大同區","臺北市",1437,3409,540,26.68,63.29,10.03,7,3086,2932521,950,639,355,1169,1374.73,144.67,3824,10390,48.1355719834607,16.5087839122574,7981
"臺北市大安區","大學里",791,6305,63,6300300,"6300300-043","大學里","大安區","臺北市",2025,2276,495,42.22,47.46,10.32,5,3151,4938668,1567,930,443,1809,2644.84,168.75,3538,8896,51.1031857908091,17.6106452960109,7094
"臺北市大安區","仁愛里",4814,6270,63,6300300,"6300300-005","仁愛里","大安區","臺北市",1199,1291,243,43.87,47.24,8.89,5,2188,6760928,3090,983,422,2260,18761.02,607.15,2224,5569,52.8801945181256,17.6133380844391,4524
"臺北市大安區","仁慈里",4811,6267,63,6300300,"6300300-002","仁慈里","大安區","臺北市",1155,1482,266,39.79,51.05,9.16,6,1948,4150136,2130,995,461,2157,7676.08,360.3,2034,5833,49.9727123029875,16.7807679867227,4251
"臺北市大安區","古風里",4822,6278,63,6300300,"6300300-013","古風里","大安區","臺北市",974,1186,237,40.63,49.48,9.89,5,1542,2434268,1579,875,443,1843,3239.42,205.2,1784,4383,50.2482389405466,17.3296344550227,3549
"臺北市大安區","古莊里",4823,6279,63,6300300,"6300300-014","古莊里","大安區","臺北市",1565,1922,392,40.35,49.55,10.11,5,2623,3659510,1395,868,440,1670,2110.72,151.29,3029,7412,49.9847172694855,17.469497102448,5889
"臺北市大安區","正聲里",799,6313,63,6300300,"6300300-052","正聲里","大安區","臺北市",1171,1210,234,44.78,46.27,8.95,5,1853,3961056,2138,856,423,1880,9177.9,429.35,1944,5125,50.9586493760705,17.7066878648099,4087
"臺北市大安區","民炤里",4813,6269,63,6300300,"6300300-004","民炤里","大安區","臺北市",1684,2249,400,38.86,51.9,9.23,6,3097,8439095,2725,990,433,2094,14829.12,544.2,3211,8483,51.8175595238095,17.6924214000361,6720
"臺北市大安區","民輝里",4816,6272,63,6300300,"6300300-007","民輝里","大安區","臺北市",1483,1939,412,38.68,50.57,10.75,6,2662,11466013,4307,940,442,2103,70212.51,1630.08,2895,7118,51.8301060784644,17.92789986887,5939
"臺北市大安區","永康里",4827,6283,63,6300300,"6300300-018","永康里","大安區","臺北市",812,936,235,40.95,47.2,11.85,5,1329,2058743,1549,867,436,1773,2537.35,163.8,1493,4033,50.0158940397351,17.3019085297036,3020
"臺北市大安區","光明里",4828,6284,63,6300300,"6300300-019","光明里","大安區","臺北市",741,953,191,39.31,50.56,10.13,6,1220,2755960,2259,1069,486,2148,9870.72,436.95,1404,3853,48.2169236285407,16.6589367168693,2789
"臺北市大安區","光武里",4819,6275,63,6300300,"6300300-010","光武里","大安區","臺北市",1693,1979,458,40.99,47.92,11.09,5,2880,4386855,1523,817,396,1590,4460.23,292.82,3296,8037,50.9989356849627,17.346564450745,6577
"臺北市大安區","光信里",803,6317,63,6300300,"6300300-056","光信里","大安區","臺北市",1804,2082,430,41.8,48.24,9.96,5,2837,4866551,1715,853,430,1767,4235.07,246.89,3046,8250,49.7950568007369,17.1091486067197,6514
"臺北市大安區","全安里",4842,6298,63,6300300,"6300300-035","全安里","大安區","臺北市",1103,1115,223,45.19,45.68,9.14,5,1712,4670419,2728,850,438,1892,31987.34,1172.54,1815,4541,51.1389035318925,17.5404630324997,3794
"臺北市大安區","住安里",4836,6292,63,6300300,"6300300-029","住安里","大安區","臺北市",1218,1330,308,42.65,46.57,10.78,5,1800,2887167,1604,752,403,1391,6098.97,380.24,2299,5504,50.42569213732,17.7234684322669,4515
"臺北市大安區","車層里",802,6316,63,6300300,"6300300-055","車層里","大安區","臺北市",1426,1731,287,41.41,50.26,8.33,6,2446,5149185,2105,910,394,1963,5782.11,274.67,2491,6671,51.7374790541799,17.5133953864064,5371
"臺北市大安區","和安里",4812,6268,63,6300300,"6300300-003","和安里","大安區","臺北市",1600,1674,374,43.86,45.89,10.25,5,2428,9663940,3980,970,463,2060,43819.19,1100.93,2518,7481,49.5512053652347,16.9706523834791,5517
"臺北市大安區","昌隆里",4817,6273,63,6300300,"6300300-008","昌隆里","大安區","臺北市",685,940,147,38.66,53.05,8.3,6,1232,1770228,1437,833,425,1729,1896.38,131.98,1159,3146,53.7852941176471,18.4543416277443,2720
"臺北市大安區","法治里",4841,6297,63,6300300,"6300300-034","法治里","大安區","臺北市",1134,1092,279,45.27,43.59,11.14,1,1666,2272340,1364,782,402,1519,2405.65,176.37,1872,4650,49.9695640959505,17.771196541198,3877
"臺北市大安區","臥龍里",788,6302,63,6300300,"6300300-039","臥龍里","大安區","臺北市",504,437,137,46.75,40.54,12.71,1,681,997138,1464,823,377,1661,3213.54,219.47,807,2040,51.1777367773678,17.9444207199961,1626
"臺北市大安區","芳和里",792,6306,63,6300300,"6300300-044","芳和里","大安區","臺北市",1431,1493,345,43.77,45.67,10.55,5,1953,2289198,1172,736,394,1424,1623.46,138.5,2331,6007,49.8537022292994,17.4093276069646,5024
"臺北市大安區","虎嘯里",787,6301,63,6300300,"6300300-038","虎嘯里","大安區","臺北市",949,957,229,44.45,44.82,10.73,5,1433,2479580,1730,852,418,1714,4690.35,271.07,1697,3846,50.3242993532492,17.6028939789441,3247
"臺北市大安區","建安里",796,6310,63,6300300,"6300300-049","建安里","大安區","臺北市",1179,1189,273,44.64,45.02,10.34,5,2007,3633634,1810,840,383,1780,4855.97,268.21,2142,5206,51.2480417754569,17.5741742712447,4213
"臺北市大安區","建倫里",797,6311,63,6300300,"6300300-050","建倫里","大安區","臺北市",1463,1503,313,44.62,45.84,9.55,5,2392,6865511,2870,933,406,2091,17898.79,623.61,2428,6559,51.9835564053537,17.3882698524312,5230
"臺北市大安區","通化里",4838,6294,63,6300300,"6300300-031","通化里","大安區","臺北市",1222,1899,405,34.66,53.86,11.49,6,2105,2913984,1384,688,378,1313,7895.6,570.36,2610,6439,48.7285016898235,17.0121745931167,5326
"臺北市大安區","通安里",4839,6295,63,6300300,"6300300-032","通安里","大安區","臺北市",1284,1610,371,39.33,49.31,11.36,5,1968,2537085,1289,735,396,1432,2290.42,177.67,2367,5869,49.4303693005983,17.3197948579594,4847
"臺北市大安區","敦安里",798,6312,63,6300300,"6300300-051","敦安里","大安區","臺北市",1319,1688,281,40.12,51.34,8.55,6,2385,5602102,2349,923,417,2056,10842.1,461.58,2487,6777,50.6409810737737,17.0393835480851,5178
"臺北市大安區","敦煌里",800,6314,63,6300300,"6300300-053","敦煌里","大安區","臺北市",1400,1633,324,41.7,48.64,9.65,5,2305,4305392,1868,917,429,1910,6118.27,327.56,2375,6513,50.558181096108,17.1976084063021,5036
"臺北市大安區","華聲里",801,6315,63,6300300,"6300300-054","華聲里","大安區","臺北市",1017,1107,227,43.26,47.09,9.66,5,1553,3375223,2173,836,407,1719,12489.49,574.66,1749,4536,50.526694329184,17.5985914656827,3615
"臺北市大安區","新龍里",4832,6288,63,6300300,"6300300-023","新龍里","大安區","臺北市",1968,1375,411,52.42,36.63,10.95,2,2396,3403884,1421,884,436,1803,2008.28,141.36,2645,7313,49.778849589139,17.0351139771848,5598
"臺北市大安區","群英里",786,6300,63,6300300,"6300300-037","群英里","大安區","臺北市",2380,1283,426,58.2,31.38,10.42,2,2589,3315867,1281,817,399,1615,1838.61,143.56,3027,7382,50.2340912808768,17.552697014451,6113
"臺北市大安區","群賢里",4843,6299,63,6300300,"6300300-036","群賢里","大安區","臺北市",1566,1455,320,46.87,43.55,9.58,1,2233,3752677,1681,802,396,1708,4204.79,250.2,2496,6181,50.8449385605617,17.7758716320533,5127
"臺北市大安區","義安里",4837,6293,63,6300300,"6300300-030","義安里","大安區","臺北市",1331,1260,292,46.17,43.7,10.13,1,2090,5629535,2694,941,433,2101,10725.95,398.21,2188,5581,50.6579520697168,17.5164720781059,4590
"臺北市大安區","義村里",4815,6271,63,6300300,"6300300-006","義村里","大安區","臺北市",1777,1248,380,52.19,36.65,11.16,2,2263,4539504,2006,748,375,1514,31619.22,1576.26,2548,6100,51.9003055767762,17.7168112530484,5236
"臺北市大安區","誠安里",4818,6274,63,6300300,"6300300-009","誠安里","大安區","臺北市",966,1206,220,40.38,50.42,9.2,6,1613,2047780,1270,748,353,1412,1885.27,148.5,1829,4320,51.247546346783,17.7369242230279,3668
"臺北市大安區","福住里",4826,6282,63,6300300,"6300300-017","福住里","大安區","臺北市",1317,1609,366,40.01,48.88,11.12,5,2287,6040010,2641,1051,479,2097,21704.84,821.84,2402,6980,49.1674965146385,16.8052218688591,5021
"臺北市大安區","德安里",4810,6266,63,6300300,"6300300-001","德安里","大安區","臺北市",1378,1332,290,45.93,44.4,9.67,1,2108,3936671,1867,842,407,1834,4913.3,263.1,2354,6026,51.5367219917012,17.4701197199846,4820
"臺北市大安區","黎元里",793,6307,63,6300300,"6300300-046","黎元里","大安區","臺北市",1156,1613,380,36.71,51.22,12.07,6,1787,1580316,884,626,366,1119,1442.3,163.09,2068,5755,47.8590547887913,16.791790896614,4782
"臺北市大安區","黎孝里",794,6308,63,6300300,"6300300-047","黎孝里","大安區","臺北市",1920,2137,525,41.9,46.64,11.46,5,2759,2933238,1063,718,385,1312,1289.09,121.25,3034,7861,48.8931777378815,17.0153314227733,6684
"臺北市大安區","黎和里",795,6309,63,6300300,"6300300-048","黎和里","大安區","臺北市",1267,1224,312,45.2,43.67,11.13,1,1697,1861722,1097,713,395,1380,1289.35,117.53,2058,5036,48.5056364490371,16.6297534566634,4258
"臺北市大安區","學府里",804,6318,63,6300300,"6300300-057","學府里","大安區","臺北市",790,644,167,49.34,40.22,10.43,1,773,940005,1216,733,396,1524,1382.02,113.65,1140,2907,54.5111111111111,19.3496227672419,2430
"臺北市大安區","錦安里",4825,6281,63,6300300,"6300300-016","錦安里","大安區","臺北市",1343,1486,320,42.65,47.19,10.16,5,2134,4455472,2088,1024,469,2068,5647.69,270.5,2364,6540,49.5365445026178,16.8561600154933,4775
"臺北市大安區","錦泰里",4829,6285,63,6300300,"6300300-020","錦泰里","大安區","臺北市",852,860,160,45.51,45.94,8.55,5,1270,2882027,2269,944,424,1964,22033.18,970.92,1372,3861,50.3779887482419,16.9760178951936,2844
"臺北市大安區","錦華里",4830,6286,63,6300300,"6300300-021","錦華里","大安區","臺北市",1369,1451,261,44.43,47.1,8.47,5,1976,3680775,1863,1047,507,1979,6848.07,367.63,2157,6153,48.5699620620397,16.5245032997824,4481
"臺北市大安區","龍生里",4835,6291,63,6300300,"6300300-028","龍生里","大安區","臺北市",1627,1648,342,44.98,45.56,9.46,5,2389,3943448,1651,973,485,1957,2361.57,143.07,2604,7270,49.5098039215686,16.9633834529244,5406
"臺北市大安區","龍安里",4824,6280,63,6300300,"6300300-015","龍安里","大安區","臺北市",1411,1725,351,40.46,49.47,10.07,5,2315,5389418,2328,1024,468,2058,9729.12,417.91,3680,8414,51.9112977099237,17.1055165601402,6550
"臺北市大安區","龍坡里",4820,6276,63,6300300,"6300300-011","龍坡里","大安區","臺北市",1364,1463,354,42.88,45.99,11.13,5,2097,3431097,1636,1002,484,1998,2528.39,154.53,2292,6179,51.1610455311973,17.4823987684116,4744
"臺北市大安區","龍門里",790,6304,63,6300300,"6300300-041","龍門里","大安區","臺北市",1003,1174,198,42.23,49.43,8.34,5,1608,3364542,2092,1057,472,2161,8147.31,389.38,1621,4656,50.7258709308966,17.3238613622835,3502
"臺北市大安區","龍泉里",4821,6277,63,6300300,"6300300-012","龍泉里","大安區","臺北市",1021,1354,268,38.63,51.23,10.14,6,1797,2637763,1468,887,438,1788,3021.19,205.82,2027,5154,49.1468797564688,16.8484753138397,3942
"臺北市大安區","龍陣里",4833,6289,63,6300300,"6300300-026","龍陣里","大安區","臺北市",866,1013,196,41.73,48.82,9.45,5,1340,2701153,2016,884,456,1779,13704.68,679.87,1473,3703,50.7236799481697,17.6030751189373,3087
"臺北市大安區","龍淵里",789,6303,63,6300300,"6300300-040","龍淵里","大安區","臺北市",2055,2532,526,40.19,49.52,10.29,5,3191,4892947,1533,975,447,1949,2478.69,161.65,3516,10397,49.0292892650813,16.7164255802026,7443
"臺北市大安區","龍雲里",4834,6290,63,6300300,"6300300-027","龍雲里","大安區","臺北市",1155,1338,235,42.34,49.05,8.61,5,1825,4073625,2232,870,414,1867,16797.23,752.52,1901,5079,50.8823245719797,17.7123179043297,4147
"臺北市大安區","龍圖里",4831,6287,63,6300300,"6300300-022","龍圖里","大安區","臺北市",1681,1692,360,45.03,45.33,9.64,5,2575,4369441,1697,884,422,1780,5371.79,316.57,2809,7063,50.3518776077886,17.3200754576834,5752
"臺北市大安區","臨江里",4840,6296,63,6300300,"6300300-033","臨江里","大安區","臺北市",934,1253,266,38.08,51.08,10.84,6,1325,1299928,981,651,388,1220,1068.25,108.89,1752,4370,48.872051068554,17.2020532014154,3603
"臺北市中山區","力行里",4881,6357,63,6300400,"6300400-039","力行里","中山區","臺北市",1103,1966,332,32.43,57.81,9.76,6,2361,6761078,2864,814,415,1656,36864.71,1287.33,2673,6173,50.4383429672447,17.4811418884573,5190
"臺北市中山區","下埤里",4869,6345,63,6300400,"6300400-027","下埤里","中山區","臺北市",1454,2643,461,31.9,57.99,10.11,6,2841,3365070,1184,716,388,1305,2374.29,200.45,2973,7818,48.0162194937093,16.6770102714874,6597
"臺北市中山區","大佳里",4859,6335,63,6300400,"6300400-017","大佳里","中山區","臺北市",117,457,56,18.57,72.54,8.89,8,276,232550,843,539,321,1060,910.98,108.12,423,1131,48.9903640256959,16.9215633904277,934
"臺北市中山區","大直里",4856,6332,63,6300400,"6300400-014","大直里","中山區","臺北市",2274,2641,573,41.44,48.12,10.44,5,3334,4288509,1286,778,409,1528,2176.58,169.21,3697,10203,48.829476093591,16.9855435190346,7864
"臺北市中山區","中山里",4848,6324,63,6300400,"6300400-006","中山里","中山區","臺北市",1237,2047,386,33.71,55.78,10.52,6,2364,2402336,1016,641,347,1135,2061.41,202.85,3538,6490,47.9991198732617,16.0689906907681,5681
"臺北市中山區","中央里",4875,6351,63,6300400,"6300400-033","中央里","中山區","臺北市",708,1133,225,34.27,54.84,10.89,6,1340,3319473,2477,720,368,1344,44110.3,1780.64,1555,3852,49.8005275304979,17.1144623062378,3033
"臺北市中山區","中吉里",4872,6348,63,6300400,"6300400-030","中吉里","中山區","臺北市",911,2011,312,28.17,62.18,9.65,7,2060,3139683,1524,745,381,1555,6075.75,398.64,2344,5888,49.4792597319719,17.0590103351557,4701
"臺北市中山區","中庄里",4865,6341,63,6300400,"6300400-023","中庄里","中山區","臺北市",918,1792,337,30.13,58.81,11.06,6,1774,1905551,1074,617,347,1136,3647.72,339.59,2298,5297,49.6344229486324,17.1213733587559,4497
"臺北市中山區","中原里",4873,6349,63,6300400,"6300400-031","中原里","中山區","臺北市",945,1757,274,31.75,59.04,9.21,6,1884,2480052,1316,722,379,1378,5235.31,397.71,2205,5229,49.3609074243813,17.1684019730333,4364
"臺北市中山區","北安里",4884,6360,63,6300400,"6300400-042","北安里","中山區","臺北市",708,667,171,45.8,43.14,11.06,1,995,1143447,1149,772,411,1490,1164.22,101.31,1043,2869,48.9422241529105,16.9654081008883,2302
"臺北市中山區","正守里",805,6319,63,6300400,"6300400-001","正守里","中山區","臺北市",619,1027,197,33.59,55.72,10.69,6,1238,1503313,1214,737,363,1424,1917.81,157.93,1412,3301,49.6475026949335,17.2439660705986,2783
"臺北市中山區","正得里",4845,6321,63,6300400,"6300400-003","正得里","中山區","臺北市",739,1098,218,35.96,53.43,10.61,6,1449,2431136,1678,704,365,1382,7757.73,462.37,1978,3798,49.5098276383429,16.9365348957006,3307
"臺北市中山區","正義里",4844,6320,63,6300400,"6300400-002","正義里","中山區","臺北市",960,1436,348,34.99,52.33,12.68,6,1756,1802946,1027,604,334,1108,3317.86,323.15,2700,5393,48.3436478535629,16.347521573971,4589
"臺北市中山區","民安里",4846,6322,63,6300400,"6300400-004","民安里","中山區","臺北市",816,1585,278,30.46,59.16,10.38,6,1683,2145508,1275,673,352,1337,2777.59,217.88,2144,4781,50.9948377581121,17.7143210705738,4068
"臺北市中山區","永安里",4858,6334,63,6300400,"6300400-016","永安里","中山區","臺北市",1984,2722,517,37.99,52.12,9.9,6,3527,8043931,2281,999,472,2130,8153.36,357.5,3860,10043,48.1295404244239,16.3412943079365,7681
"臺北市中山區","成功里",4857,6333,63,6300400,"6300400-015","成功里","中山區","臺北市",1285,1815,330,37.46,52.92,9.62,6,2554,9886677,3871,1164,497,2540,24582.05,635.02,2988,7140,47.0921798262184,15.7264645739233,5294
"臺北市中山區","朱崙里",4880,6356,63,6300400,"6300400-038","朱崙里","中山區","臺北市",557,903,167,34.23,55.5,10.26,6,1073,1398764,1304,692,376,1442,2719.09,208.58,1349,2995,50.0213882163035,17.0619848271159,2478
"臺北市中山區","朱園里",4878,6354,63,6300400,"6300400-036","朱園里","中山區","臺北市",780,1495,260,30.77,58.97,10.26,6,1824,5092654,2792,796,410,1603,23891.22,855.69,2195,4715,49.166958698373,17.1702484381074,3995
"臺北市中山區","朱馥里",4876,6352,63,6300400,"6300400-034","朱馥里","中山區","臺北市",1189,1777,346,35.9,53.65,10.45,6,2079,2260267,1087,678,376,1291,1574.14,144.79,2531,6305,49.0728593872742,16.6042019566526,5092
"臺北市中山區","江山里",4871,6347,63,6300400,"6300400-029","江山里","中山區","臺北市",1404,2643,407,31.52,59.34,9.14,6,2848,3640786,1278,742,397,1417,2855.93,223.4,3104,7855,49.9577076310144,17.2503351213796,6526
"臺北市中山區","江寧里",4870,6346,63,6300400,"6300400-028","江寧里","中山區","臺北市",1461,2172,377,36.43,54.16,9.4,6,2664,3690359,1385,797,394,1558,2831.2,204.38,2818,7155,48.8781802864364,17.0182662376831,5935
"臺北市中山區","行仁里",4867,6343,63,6300400,"6300400-025","行仁里","中山區","臺北市",1388,2901,498,29,60.6,10.4,7,2705,2502766,925,620,354,1097,2085.8,225.43,3038,8527,47.5614035087719,16.5959436838288,7068
"臺北市中山區","行孝里",4868,6344,63,6300400,"6300400-026","行孝里","中山區","臺北市",663,1458,235,28.14,61.88,9.97,7,1326,1168141,881,636,349,1151,832.3,94.48,1582,4272,46.9330520393812,16.3609605870814,3555
"臺北市中山區","行政里",4866,6342,63,6300400,"6300400-024","行政里","中山區","臺北市",1135,1960,382,32.64,56.37,10.99,6,2052,2090136,1019,630,352,1124,3229.96,317.1,3907,7731,50.188927943761,16.8411297159726,6828
"臺北市中山區","松江里",4863,6339,63,6300400,"6300400-021","松江里","中山區","臺北市",1231,2268,380,31.73,58.47,9.8,6,2449,4060983,1658,728,381,1430,6481.18,390.85,2658,6970,49.3023090586146,17.1462286320448,5630
"臺北市中山區","金泰里",4883,6359,63,6300400,"6300400-041","金泰里","中山區","臺北市",1546,1954,446,39.18,49.52,11.3,5,2654,8162140,3075,1023,504,2066,33099.66,1076.27,3404,7957,46.4419852448021,15.0588657532953,5964
"臺北市中山區","恆安里",4852,6328,63,6300400,"6300400-010","恆安里","中山區","臺北市",888,1395,258,34.95,54.9,10.15,6,1704,3156115,1852,695,363,1294,19329.49,1043.61,2511,4920,47.6522366522367,16.2880156886696,4158
"臺北市中山區","埤頭里",4879,6355,63,6300400,"6300400-037","埤頭里","中山區","臺北市",751,1090,179,37.18,53.96,8.86,6,1299,1323287,1019,691,370,1230,1369.28,134.42,1570,3547,50.2527509169723,17.3454247431847,2999
"臺北市中山區","康樂里",4847,6323,63,6300400,"6300400-005","康樂里","中山區","臺北市",540,715,165,38.03,50.35,11.62,6,960,1247836,1300,656,332,1317,4213.83,324.18,1507,2706,49.8354377104377,16.2816727871495,2376
"臺北市中山區","復華里",4882,6358,63,6300400,"6300400-040","復華里","中山區","臺北市",1092,1273,284,41.22,48.06,10.72,5,1786,2870795,1607,789,382,1658,3191.5,198.55,2130,4859,49.9196766860318,17.2789869215223,3959
"臺北市中山區","晴光里",4853,6329,63,6300400,"6300400-011","晴光里","中山區","臺北市",1000,1505,337,35.19,52.96,11.86,6,1922,3101679,1614,661,362,1322,10315.28,639.2,2823,5403,48.809472781826,16.5689768756867,4666
"臺北市中山區","集英里",4850,6326,63,6300400,"6300400-008","集英里","中山區","臺北市",1140,2372,442,28.83,59.99,11.18,6,2352,3706615,1576,685,364,1348,12802.29,812.36,3233,7451,48.5039515722213,16.8211427067344,5947
"臺北市中山區","圓山里",4854,6330,63,6300400,"6300400-012","圓山里","中山區","臺北市",751,1363,253,31.73,57.58,10.69,6,1493,1703177,1141,662,356,1214,4902.17,429.72,1960,4428,48.643861546782,16.5794705629404,3698
"臺北市中山區","新生里",4864,6340,63,6300400,"6300400-022","新生里","中山區","臺北市",872,1790,294,29.5,60.55,9.95,7,1657,1542006,931,621,353,1154,1021.94,109.81,2172,5177,49.3190563444801,16.9272144688061,4366
"臺北市中山區","新庄里",4861,6337,63,6300400,"6300400-019","新庄里","中山區","臺北市",920,1693,328,31.28,57.57,11.15,6,1661,1518618,914,608,340,1090,1490.25,163,2187,5264,48.134138009565,16.5134258863873,4391
"臺北市中山區","新喜里",4860,6336,63,6300400,"6300400-018","新喜里","中山區","臺北市",894,1874,351,28.66,60.08,11.25,7,1820,1953153,1073,637,364,1188,2916.01,271.72,2161,5603,47.4590340664079,16.4434014080035,4638
"臺北市中山區","新福里",4862,6338,63,6300400,"6300400-020","新福里","中山區","臺北市",785,1898,293,26.38,63.78,9.85,7,1776,7275286,4096,624,351,1162,95720.93,2336.68,2176,5298,48.5700766110861,16.7454076232865,4438
"臺北市中山區","聚盛里",4849,6325,63,6300400,"6300400-007","聚盛里","中山區","臺北市",802,1199,285,35.08,52.45,12.47,6,1382,1301582,942,605,332,1088,1526.72,162.1,2371,4258,48.5481960150781,15.9072929504909,3714
"臺北市中山區","聚葉里",4851,6327,63,6300400,"6300400-009","聚葉里","中山區","臺北市",704,1202,254,32.59,55.65,11.76,6,1334,1452141,1089,672,357,1223,2090.05,192,1954,4035,49.3353676256902,16.9392214523509,3441
"臺北市中山區","劍潭里",4855,6331,63,6300400,"6300400-013","劍潭里","中山區","臺北市",1382,521,271,63.57,23.97,12.47,3,1183,1273782,1077,700,385,1269,1371.23,127.35,1440,3928,51.2073775573466,17.9805490450026,3226
"臺北市中山區","興亞里",4874,6350,63,6300400,"6300400-032","興亞里","中山區","臺北市",983,1776,324,31.88,57.61,10.51,6,2155,4022138,1866,708,373,1480,13686.35,733.29,2420,5419,49.5928260869565,17.3393518462489,4600
"臺北市中山區","龍洲里",4877,6353,63,6300400,"6300400-035","龍洲里","中山區","臺北市",1697,1007,364,55.31,32.82,11.86,2,1888,2383419,1262,753,394,1474,2427.29,192.28,2126,5166,50.5636899365367,17.4728198660803,4412
"臺北市中正區","三愛里",4915,6391,63,6300500,"6300500-031","三愛里","中正區","臺北市",1855,2389,443,39.58,50.97,9.45,6,3130,6386791,2041,889,420,1906,11865.54,581.5,3464,8963,50.8935777209434,17.5466871637474,7038
"臺北市中正區","文北里",4913,6389,63,6300500,"6300500-029","文北里","中正區","臺北市",1211,1589,275,39.38,51.67,8.94,6,2146,5733089,2672,960,430,2175,12210.53,457.06,2266,5752,51.2968480138169,17.5368156661692,4632
"臺北市中正區","文盛里",4887,6363,63,6300500,"6300500-003","文盛里","中正區","臺北市",613,779,164,39.4,50.06,10.54,6,969,1391933,1436,841,415,1609,4504,313.55,1154,2664,51.0882874889086,17.9955065720131,2254
"臺北市中正區","文祥里",4914,6390,63,6300500,"6300500-030","文祥里","中正區","臺北市",1694,2117,425,39.99,49.98,10.03,5,2714,4641303,1710,970,441,2011,4384.01,256.35,3092,8480,49.044845942894,16.7551641935863,6199
"臺北市中正區","水源里",4885,6361,63,6300500,"6300500-001","水源里","中正區","臺北市",628,852,183,37.76,51.23,11,6,1080,1167017,1081,714,393,1334,1235.15,114.31,1393,3087,50.3618721461187,17.9522118425973,2628
"臺北市中正區","永功里",4895,6371,63,6300500,"6300500-011","永功里","中正區","臺北市",1223,1985,352,34.35,55.76,9.89,6,2080,2252949,1083,738,382,1378,1225.91,113.18,2551,6612,48.402093244529,17.2312826897761,5255
"臺北市中正區","永昌里",4896,6372,63,6300500,"6300500-012","永昌里","中正區","臺北市",1126,1637,333,36.37,52.87,10.76,6,1566,1326667,847,596,351,1052,853.67,100.77,2081,5264,49.2912491649967,17.47923695011,4491
"臺北市中正區","光復里",4907,6383,63,6300500,"6300500-023","光復里","中正區","臺北市",720,1020,258,36.04,51.05,12.91,6,1312,2239195,1707,763,388,1481,4987.16,292.21,1826,4101,48.8475609756098,16.8987640304987,3116
"臺北市中正區","幸市里",4911,6387,63,6300500,"6300500-027","幸市里","中正區","臺北市",1042,1417,240,38.61,52.5,8.89,6,1776,4963811,2795,910,435,1917,15656.24,560.16,1956,4697,51.2399183256764,17.6791528162876,3918
"臺北市中正區","幸福里",4910,6386,63,6300500,"6300500-026","幸福里","中正區","臺北市",975,1284,268,38.58,50.81,10.61,6,1725,2748520,1593,873,427,1709,3525,221.23,2001,4923,49.5919540229885,17.02032278536,3828
"臺北市中正區","忠勤里",4898,6374,63,6300500,"6300500-014","忠勤里","中正區","臺北市",1464,1837,519,38.32,48.09,13.59,5,1824,1299992,713,544,329,905,616.48,86.5,3057,6952,49.4888324873096,17.3584327724431,5910
"臺北市中正區","東門里",4912,6388,63,6300500,"6300500-028","東門里","中正區","臺北市",1001,1054,211,44.17,46.51,9.31,5,1472,7995105,5431,887,458,1890,143578.54,2643.46,1766,4412,49.2200352526439,17.239910395853,3404
"臺北市中正區","板溪里",4892,6368,63,6300500,"6300500-008","板溪里","中正區","臺北市",775,998,232,38.65,49.78,11.57,5,1244,1427657,1148,747,387,1417,1646.92,143.51,1525,3488,49.9680134680135,17.6739832503168,2970
"臺北市中正區","林興里",4888,6364,63,6300500,"6300500-004","林興里","中正區","臺北市",1134,1096,295,44.91,43.41,11.68,1,1604,2077730,1295,834,402,1520,2245.43,173.35,2069,4898,49.6622851365015,17.2524145299678,3956
"臺北市中正區","河堤里",4889,6365,63,6300500,"6300500-005","河堤里","中正區","臺北市",1185,1246,293,43.5,45.74,10.76,5,1756,2159640,1230,763,412,1454,2068.86,168.22,1996,4742,50.67133726647,17.9390258228884,4068
"臺北市中正區","南門里",4901,6377,63,6300500,"6300500-017","南門里","中正區","臺北市",734,675,165,46.63,42.88,10.48,1,966,1762663,1825,841,393,1747,7463.42,409.02,1089,2989,49.9032697547684,17.5146285875115,2202
"臺北市中正區","南福里",4903,6379,63,6300500,"6300500-019","南福里","中正區","臺北市",2237,2743,564,40.35,49.48,10.17,5,3497,5648800,1615,1012,477,1975,3035.65,187.93,4438,11349,48.2910694597574,16.3745455023828,8163
"臺北市中正區","建國里",4906,6382,63,6300500,"6300500-022","建國里","中正區","臺北市",326,367,97,41.27,46.46,12.28,5,537,880577,1640,953,452,1833,2392.11,145.88,666,1758,47.2212020033389,16.5804151989995,1198
"臺北市中正區","梅花里",4909,6385,63,6300500,"6300500-025","梅花里","中正區","臺北市",711,979,152,38.6,53.15,8.25,6,1309,2159385,1650,835,414,1617,4874.76,295.5,1444,3351,51.2120028409091,17.605832928064,2816
"臺北市中正區","頂東里",4890,6366,63,6300500,"6300500-006","頂東里","中正區","臺北市",1445,1835,369,39.6,50.29,10.11,6,2317,2914334,1258,794,399,1505,3065.75,243.74,2814,6328,49.9113712374582,17.584888470067,5382
"臺北市中正區","富水里",4886,6362,63,6300500,"6300500-002","富水里","中正區","臺北市",666,506,191,48.86,37.12,14.01,1,801,1043240,1302,920,472,1513,1891.57,145.23,1045,2659,47.8674473067916,16.893376715628,2135
"臺北市中正區","廈安里",4899,6375,63,6300500,"6300500-015","廈安里","中正區","臺北市",791,1209,249,35.17,53.76,11.07,6,1397,1773940,1270,767,425,1552,1976.45,155.65,1790,4877,46.6713450292398,16.073175065009,3420
"臺北市中正區","愛國里",4900,6376,63,6300500,"6300500-016","愛國里","中正區","臺北市",705,916,164,39.5,51.32,9.19,6,1127,1412928,1254,758,409,1433,2208.77,176.18,1362,3595,49.0304994281357,17.172529020854,2623
"臺北市中正區","新營里",4905,6381,63,6300500,"6300500-021","新營里","中正區","臺北市",2135,2087,549,44.75,43.74,11.51,1,3098,5165106,1667,1036,485,2105,2626.51,157.54,3598,10219,48.0392913273325,16.3118198614737,6999
"臺北市中正區","網溪里",4891,6367,63,6300500,"6300500-007","網溪里","中正區","臺北市",1405,1660,361,41.01,48.45,10.54,5,2143,2504907,1169,767,394,1450,1371.14,117.3,2515,6013,49.3356932153392,17.5552392495637,5085
"臺北市中正區","黎明里",4908,6384,63,6300500,"6300500-024","黎明里","中正區","臺北市",672,761,228,40.46,45.82,13.73,5,1177,1776858,1510,811,395,1573,4364.33,289.1,1663,3621,48.958516886931,16.7116461234594,2724
"臺北市中正區","螢圃里",4893,6369,63,6300500,"6300500-009","螢圃里","中正區","臺北市",1377,1561,296,42.58,48.27,9.15,5,2027,2234394,1102,714,387,1361,1389.04,126.01,2395,5663,49.7361604345101,17.5699251809616,4787
"臺北市中正區","螢雪里",4894,6370,63,6300500,"6300500-010","螢雪里","中正區","臺北市",1086,1308,320,40.01,48.19,11.79,5,1553,1520331,979,647,368,1226,1141.42,116.59,1823,4610,49.1007358538442,17.6097494382186,3941
"臺北市中正區","龍光里",4902,6378,63,6300500,"6300500-018","龍光里","中正區","臺北市",756,907,211,40.34,48.4,11.26,5,1224,1727703,1412,920,464,1720,1916.14,135.75,1379,3882,48.6598540145985,17.0664543110867,2740
"臺北市中正區","龍福里",4904,6380,63,6300500,"6300500-020","龍福里","中正區","臺北市",1335,1692,368,39.32,49.84,10.84,5,2129,2864259,1345,910,439,1767,1442.96,107.25,3456,8000,50.2753817754657,17.9552365145309,5959
"臺北市中正區","龍興里",4897,6373,63,6300500,"6300500-013","龍興里","中正區","臺北市",753,1134,240,35.4,53.31,11.28,6,1253,1435467,1146,788,400,1496,1423.93,124.29,1622,4526,46.7845911949686,16.3006679356198,3180
"臺北市內湖區","大湖里",5050,6526,63,6301000,"6301000-012","大湖里","內湖區","臺北市",1226,1564,370,38.8,49.49,11.71,5,2060,3094678,1502,901,448,1681,3001.99,199.83,2181,5780,46.1424307036247,16.0899050334385,4690
"臺北市內湖區","五分里",5060,6536,63,6301000,"6301000-022","五分里","內湖區","臺北市",1818,3013,654,33.14,54.93,11.92,6,3357,3203622,954,689,406,1222,996.55,104.43,4095,11913,44.4811156304474,15.1852790472604,8605
"臺北市內湖區","內湖里",5047,6523,63,6301000,"6301000-009","內湖里","內湖區","臺北市",1283,1623,360,39.28,49.69,11.02,5,2206,2480744,1125,720,366,1429,1600.73,142.34,2511,6043,47.6640253565769,16.6367346667958,5048
"臺北市內湖區","內溝里",5063,6539,63,6301000,"6301000-025","內溝里","內湖區","臺北市",937,1428,372,34.23,52.17,13.59,6,1618,1621710,1002,671,386,1264,1118.19,111.56,1835,5095,45.388385199706,16.0571557044194,4081
"臺北市內湖區","石潭里",5066,6542,63,6301000,"6301000-028","石潭里","內湖區","臺北市",708,1005,248,36.1,51.25,12.65,6,1354,2264993,1673,844,449,1579,6012.01,359.39,1833,3793,46.0347465731591,16.0003906214622,3137
"臺北市內湖區","安泰里",5071,6547,63,6301000,"6301000-033","安泰里","內湖區","臺北市",1131,1506,417,37.03,49.31,13.65,5,1808,1666649,922,658,380,1162,1056.38,114.6,2103,5827,45.0771397616468,15.3933512560334,4615
"臺北市內湖區","安湖里",5069,6545,63,6301000,"6301000-031","安湖里","內湖區","臺北市",1608,2216,448,37.64,51.87,10.49,6,2642,2972119,1125,746,400,1427,1393.89,123.91,2717,8454,44.9040706847586,15.6171237010622,6338
"臺北市內湖區","行善里",5065,6541,63,6301000,"6301000-027","行善里","內湖區","臺北市",1318,2180,439,33.48,55.37,11.15,6,2240,2127171,950,675,382,1219,961.17,101.22,2812,6957,46.7989914797427,15.9592248765241,5751
"臺北市內湖區","西安里",5042,6518,63,6301000,"6301000-003","西安里","內湖區","臺北市",1529,2017,446,38.3,50.53,11.17,6,2518,3023473,1201,737,410,1390,4320.31,359.8,2587,6935,47.0878740702301,16.4729620216652,5781
"臺北市內湖區","西康里",5041,6517,63,6301000,"6301000-002","西康里","內湖區","臺北市",2218,2586,577,41.22,48.06,10.72,5,3419,5167440,1511,783,420,1583,5417.78,358.46,3758,9688,46.9687812187812,16.3301209904129,8008
"臺北市內湖區","西湖里",5040,6516,63,6301000,"6301000-001","西湖里","內湖區","臺北市",1495,2458,460,33.88,55.7,10.42,6,2659,2627177,988,673,389,1204,1515.69,153.4,2827,7703,46.9369411039161,16.4615494431603,6486
"臺北市內湖區","秀湖里",5070,6546,63,6301000,"6301000-032","秀湖里","內湖區","臺北市",1471,1716,373,41.32,48.2,10.48,5,2392,4262237,1782,878,441,1790,3710.42,208.23,2443,6492,47.9679343773304,16.8822659376733,5364
"臺北市內湖區","明湖里",5074,6550,63,6301000,"6301000-036","明湖里","內湖區","臺北市",1015,1549,350,34.83,53.16,12.01,6,1772,1876698,1059,698,394,1338,1491.38,140.82,1935,5928,44.4723491773309,15.2999612730453,4376
"臺北市內湖區","東湖里",5061,6537,63,6301000,"6301000-023","東湖里","內湖區","臺北市",1507,2508,547,33.03,54.98,11.99,6,2751,2452407,891,644,364,1135,850.87,95.45,3110,8826,44.6412916423144,15.2941563110868,6844
"臺北市內湖區","金湖里",5072,6548,63,6301000,"6301000-034","金湖里","內湖區","臺北市",2113,2410,571,41.48,47.31,11.21,5,3433,8713718,2538,1183,537,2595,6545.1,257.86,3904,10541,46.552808102065,15.3785053867199,7603
"臺北市內湖區","金瑞里",5052,6528,63,6301000,"6301000-014","金瑞里","內湖區","臺北市",1430,1981,431,37.22,51.56,11.22,6,2286,2328379,1019,701,398,1274,1102.08,108.2,2605,7046,46.8394690265487,16.1020055828106,5650
"臺北市內湖區","金龍里",5051,6527,63,6301000,"6301000-013","金龍里","內湖區","臺北市",1149,1624,343,36.87,52.12,11.01,6,1866,1754712,940,648,383,1177,1344,142.92,2045,5626,46.9516784263417,16.4265170936559,4677
"臺北市內湖區","南湖里",5078,6554,63,6301000,"6301000-040","南湖里","內湖區","臺北市",1206,1350,337,41.69,46.66,11.65,5,1859,3193950,1718,1120,533,2207,2221.31,129.29,2199,6122,45.4532992565056,14.9107678366749,4304
"臺北市內湖區","康寧里",5073,6549,63,6301000,"6301000-035","康寧里","內湖區","臺北市",1863,2275,618,39.17,47.83,12.99,5,2941,3729265,1268,824,442,1593,2018.72,159.2,3179,9702,45.8014757065293,15.6229719468248,7183
"臺北市內湖區","清白里",5055,6531,63,6301000,"6301000-017","清白里","內湖區","臺北市",1923,2242,595,40.4,47.1,12.5,5,3189,5376287,1686,916,452,1904,3566.19,211.53,3642,8743,46.7786324786325,15.6414235389116,7020
"臺北市內湖區","港都里",5044,6520,63,6301000,"6301000-006","港都里","內湖區","臺北市",1153,1717,343,35.89,53.44,10.68,6,1926,2441373,1268,738,400,1422,2848.4,224.71,2124,5987,46.2894056847545,16.2874364291899,4644
"臺北市內湖區","港富里",5045,6521,63,6301000,"6301000-007","港富里","內湖區","臺北市",1974,2955,586,35.79,53.58,10.63,6,3160,3979580,1259,742,396,1406,4328.31,343.69,3503,10089,46.9673872297888,16.6846237523419,8003
"臺北市內湖區","港華里",5046,6522,63,6301000,"6301000-008","港華里","內湖區","臺北市",1872,2789,542,35.98,53.6,10.42,6,3188,4181288,1312,718,393,1413,4117.63,313.95,3283,9688,46.0745713146351,15.8695548425773,7523
"臺北市內湖區","港墘里",5043,6519,63,6301000,"6301000-005","港墘里","內湖區","臺北市",1233,1874,380,35.36,53.74,10.9,6,2142,2640466,1233,763,407,1486,2538.51,205.93,2357,6437,46.6966403162055,16.1140411048357,5060
"臺北市內湖區","湖元里",5068,6544,63,6301000,"6301000-030","湖元里","內湖區","臺北市",1112,1708,308,35.55,54.6,9.85,6,2120,2550259,1203,755,408,1390,1983.73,164.91,2104,5809,46.2541911148365,16.5728513528949,4772
"臺北市內湖區","湖興里",5067,6543,63,6301000,"6301000-029","湖興里","內湖區","臺北市",1429,2250,483,34.33,54.06,11.6,6,2745,3352101,1221,711,397,1294,4183.6,342.59,3960,8876,47.1849066738284,15.9006938335944,7447
"臺北市內湖區","湖濱里",5048,6524,63,6301000,"6301000-010","湖濱里","內湖區","臺北市",2115,2083,528,44.75,44.08,11.17,1,2929,4632230,1582,836,423,1713,3950.29,249.78,3208,8556,48.244614717363,16.8301437572421,6917
"臺北市內湖區","紫星里",5049,6525,63,6301000,"6301000-011","紫星里","內湖區","臺北市",1727,2508,497,36.5,53,10.5,6,2775,3013960,1086,694,397,1344,1500.27,138.13,3006,8365,46.8892285298399,16.481248234405,6870
"臺北市內湖區","紫陽里",5057,6533,63,6301000,"6301000-019","紫陽里","內湖區","臺北市",1828,2397,519,38.53,50.53,10.94,6,3018,3835028,1271,766,421,1503,2054.04,161.64,3154,8464,46.4766006316394,16.1188241623788,6966
"臺北市內湖區","紫雲里",5054,6530,63,6301000,"6301000-016","紫雲里","內湖區","臺北市",1537,1407,409,45.84,41.96,12.2,1,1881,1983381,1054,735,392,1364,1158.16,109.84,2286,6225,47.8214069744003,16.9560167506238,4961
"臺北市內湖區","週美里",5064,6540,63,6301000,"6301000-026","週美里","內湖區","臺北市",1414,2451,475,32.58,56.47,10.94,6,2688,4147212,1543,773,414,1539,4336.46,281.07,3364,7888,46.4894720781202,16.0421980043291,6554
"臺北市內湖區","瑞光里",5059,6535,63,6301000,"6301000-021","瑞光里","內湖區","臺北市",1304,1183,338,46.16,41.88,11.96,1,1654,1834249,1109,720,405,1321,2476.83,223.34,1775,4830,47.2518518518519,16.8239769458457,4050
"臺北市內湖區","瑞陽里",5058,6534,63,6301000,"6301000-020","瑞陽里","內湖區","臺北市",2241,1929,542,47.56,40.94,11.5,1,2749,3273934,1191,756,421,1481,1610.32,135.21,3173,8217,48.8182625425485,17.2606566740045,6757
"臺北市內湖區","葫洲里",5056,6532,63,6301000,"6301000-018","葫洲里","內湖區","臺北市",1546,1808,443,40.72,47.62,11.67,5,2533,3774570,1490,928,473,1827,2404.86,161.38,2712,7876,45.3309696862258,15.2504418237357,5641
"臺北市內湖區","碧山里",5053,6529,63,6301000,"6301000-015","碧山里","內湖區","臺北市",1478,1999,446,37.68,50.96,11.37,6,2276,2560728,1125,730,409,1372,2164.38,192.37,2644,7338,46.7075567604202,16.2544847861729,5902
"臺北市內湖區","樂康里",5062,6538,63,6301000,"6301000-024","樂康里","內湖區","臺北市",1547,2566,629,32.62,54.11,13.26,6,2910,2624897,902,674,393,1181,837.85,92.89,3180,9259,44.4721137757948,15.2451039142679,7172
"臺北市內湖區","麗山里",5076,6552,63,6301000,"6301000-038","麗山里","內湖區","臺北市",1091,1928,370,32.19,56.89,10.92,6,2069,2557856,1236,752,412,1488,2170.72,175.59,2286,6341,46.2876409017713,16.1709738345196,4968
"臺北市內湖區","寶湖里",5077,6553,63,6301000,"6301000-039","寶湖里","內湖區","臺北市",1775,2069,448,41.36,48.21,10.44,5,3037,6543373,2155,1240,557,2539,3683.6,170.97,3606,8721,45.6405762661518,15.0429959285336,6733
"臺北市內湖區","蘆洲里",5075,6551,63,6301000,"6301000-037","蘆洲里","內湖區","臺北市",176,425,85,25.66,61.95,12.39,7,394,303608,771,522,348,908,963.39,125.02,499,1386,45.0561177552898,15.4530352623561,1087
"臺北市文山區","木柵里",5003,6479,63,6300800,"6300800-027","木柵里","文山區","臺北市",2567,1930,554,50.82,38.21,10.97,2,2941,4273703,1453,824,418,1635,3146.47,216.53,3529,9213,48.9552763140116,17.3491070139607,7401
"臺北市文山區","木新里",5004,6480,63,6300800,"6300800-028","木新里","文山區","臺北市",2032,2566,521,39.7,50.13,10.18,6,2980,2990985,1004,650,368,1197,2268.87,226.05,4383,10545,48.3359571070043,16.7519502010151,8766
"臺北市文山區","老泉里",5013,6489,63,6300800,"6300800-037","老泉里","文山區","臺北市",134,339,42,26.02,65.83,8.16,7,192,138885,723,517,284,901,766.21,105.92,359,989,47.6215505913272,16.7961029900051,761
"臺北市文山區","忠順里",5014,6490,63,6300800,"6300800-038","忠順里","文山區","臺北市",1208,889,257,51.32,37.77,10.92,2,1399,1830801,1309,808,427,1665,1820.99,139.15,1703,4172,49.3255478662053,17.8447542075402,3468
"臺北市文山區","明義里",5001,6477,63,6300800,"6300800-025","明義里","文山區","臺北市",1047,796,210,51,38.77,10.23,2,891,940546,1056,601,322,1204,1587.86,150.42,1601,4446,47.254372506904,17.2868878435024,3259
"臺北市文山區","明興里",5002,6478,63,6300800,"6300800-026","明興里","文山區","臺北市",1790,1669,453,45.76,42.66,11.58,1,2436,2554018,1048,738,411,1361,1024.3,97.7,2783,7235,47.3321513002364,16.3075062972027,5922
"臺北市文山區","指南里",5012,6488,63,6300800,"6300800-036","指南里","文山區","臺北市",747,1114,281,34.87,52.01,13.12,6,1164,1377857,1184,746,386,1542,1252.77,105.83,1687,3993,47.4887101763068,16.6208221337366,3233
"臺北市文山區","政大里",5016,6492,63,6300800,"6300800-040","政大里","文山區","臺北市",1670,1719,415,43.9,45.19,10.91,5,2379,4468296,1878,1236,555,2225,3307.77,176.11,2928,7990,46.3646748681898,14.9916573147173,5690
"臺北市文山區","博嘉里",5010,6486,63,6300800,"6300800-034","博嘉里","文山區","臺北市",1354,1479,353,42.5,46.42,11.08,5,1883,3041843,1615,778,422,1499,10067.57,623.22,2212,5914,47.7527996681875,16.962735997676,4822
"臺北市文山區","景仁里",4981,6457,63,6300800,"6300800-005","景仁里","文山區","臺北市",1138,1207,338,42.42,44.99,12.6,5,1631,1994865,1223,800,405,1568,1432.37,117.11,1885,5064,48.163645647179,16.9454523142142,3917
"臺北市文山區","景行里",4977,6453,63,6300800,"6300800-001","景行里","文山區","臺北市",1406,2007,405,36.83,52.57,10.61,6,2240,2475160,1105,733,395,1367,1442.87,130.58,3068,7592,47.4680293501048,16.4406538638473,5724
"臺北市文山區","景東里",4978,6454,63,6300800,"6300800-002","景東里","文山區","臺北市",1836,1592,461,47.21,40.94,11.85,1,2367,2663151,1125,810,423,1449,1225.57,108.93,2900,7737,47.4569883386851,16.0443671636908,5917
"臺北市文山區","景美里",4979,6455,63,6300800,"6300800-003","景美里","文山區","臺北市",1228,1374,338,41.77,46.73,11.5,5,1776,2179343,1227,775,422,1497,1636.74,133.38,2061,5516,49.1195905072127,17.2434497411656,4298
"臺北市文山區","景華里",4982,6458,63,6300800,"6300800-006","景華里","文山區","臺北市",1438,1524,394,42.85,45.41,11.74,5,1927,2178833,1131,743,407,1387,1595.33,141.09,2276,6242,48.468475821261,17.130429590003,4901
"臺北市文山區","景慶里",4980,6456,63,6300800,"6300800-004","景慶里","文山區","臺北市",1508,1736,429,41.06,47.26,11.68,5,2129,2222300,1044,724,390,1320,1211.87,116.1,2546,7102,48.5228380574111,17.1349678788019,5539
"臺北市文山區","華興里",5000,6476,63,6300800,"6300800-024","華興里","文山區","臺北市",2301,2132,610,45.63,42.28,12.1,1,2933,4311386,1470,812,419,1660,3932.89,267.55,3523,9344,47.8179237631792,16.7133641962358,7398
"臺北市文山區","順興里",5005,6481,63,6300800,"6300800-029","順興里","文山區","臺北市",1775,2051,536,40.69,47.02,12.29,5,2450,2536788,1035,684,378,1312,1376.35,132.93,2872,8093,46.7220898840718,16.336240147188,6297
"臺北市文山區","萬年里",4986,6462,63,6300800,"6300800-010","萬年里","文山區","臺北市",1280,1543,332,40.57,48.91,10.52,5,1926,2607997,1354,743,389,1470,8023.44,592.53,2253,5646,49.5271154251952,17.5407599097716,4739
"臺北市文山區","萬有里",4983,6459,63,6300800,"6300800-007","萬有里","文山區","臺北市",1372,1380,370,43.95,44.2,11.85,5,1919,2380132,1240,801,447,1562,1614.35,130.16,2170,5876,48.0319265252569,16.8783567984276,4573
"臺北市文山區","萬和里",4987,6463,63,6300800,"6300800-011","萬和里","文山區","臺北市",1133,587,222,58.34,30.23,11.43,2,1056,1288036,1220,780,421,1429,1718.6,140.9,1421,3418,52.2798441374424,18.8095487083343,2823
"臺北市文山區","萬芳里",5009,6485,63,6300800,"6300800-033","萬芳里","文山區","臺北市",2038,1848,573,45.71,41.44,12.85,1,2754,3053272,1109,754,414,1394,1326.84,119.68,3149,8367,47.2700697432854,16.4300893767928,6739
"臺北市文山區","萬美里",5015,6491,63,6300800,"6300800-039","萬美里","文山區","臺北市",1765,1711,496,44.44,43.08,12.49,1,2367,3466790,1465,747,394,1530,3694.79,252.27,2867,7642,48.1227564102564,16.7618211663428,6240
"臺北市文山區","萬盛里",4988,6464,63,6300800,"6300800-012","萬盛里","文山區","臺北市",1301,1169,316,46.7,41.96,11.34,1,1671,2002922,1199,763,407,1514,2351.37,196.17,2041,4944,49.6976133651551,17.5755299905059,4190
"臺北市文山區","萬祥里",4984,6460,63,6300800,"6300800-008","萬祥里","文山區","臺北市",1122,1269,264,42.26,47.8,9.94,5,1587,1671071,1053,739,410,1376,1043.17,99.07,1901,4892,48.8418497700562,17.2278095183078,3914
"臺北市文山區","萬隆里",4985,6461,63,6300800,"6300800-009","萬隆里","文山區","臺北市",1908,1777,467,45.95,42.8,11.25,1,2540,2982253,1174,779,395,1536,1569.53,133.68,2917,7731,48.4956536001312,16.8463915362924,6097
"臺北市文山區","萬興里",5011,6487,63,6300800,"6300800-035","萬興里","文山區","臺北市",1958,2232,449,42.21,48.11,9.68,5,2782,4167605,1498,872,457,1783,2456.81,164,3256,8940,47.5304424003504,16.5643636520537,6849
"臺北市文山區","試院里",4999,6475,63,6300800,"6300800-023","試院里","文山區","臺北市",1948,1519,520,48.86,38.1,13.04,1,2407,3014337,1252,797,418,1489,5092.1,406.61,2793,7281,47.8731815848023,16.9243872579952,5843
"臺北市文山區","樟文里",5017,6493,63,6300800,"6300800-041","樟文里","文山區","臺北市",1482,1673,399,41.7,47.07,11.23,5,2007,2112453,1053,712,391,1278,1415.43,134.48,2333,6565,47.2899305555556,16.4827305949454,5184
"臺北市文山區","樟林里",5006,6482,63,6300800,"6300800-030","樟林里","文山區","臺北市",2226,1969,588,46.54,41.17,12.29,1,2870,3063158,1067,711,406,1326,1538.5,144.15,3220,8919,48.4955987145452,17.0057856635083,7157
"臺北市文山區","樟新里",5007,6483,63,6300800,"6300800-031","樟新里","文山區","臺北市",1327,1396,357,43.08,45.32,11.59,5,1966,2484579,1264,796,439,1510,1965.42,155.52,2167,5966,46.7928182807399,16.203310849381,4595
"臺北市文山區","樟腳里",5008,6484,63,6300800,"6300800-032","樟腳里","文山區","臺北市",1346,1547,349,41.52,47.72,10.76,5,1898,2846138,1500,760,403,1546,5179.5,345.4,2092,6022,46.741935483871,16.5167254596611,4650
"臺北市文山區","樟樹里",5019,6495,63,6300800,"6300800-043","樟樹里","文山區","臺北市",1162,1309,308,41.81,47.1,11.08,5,1585,1572291,992,703,390,1217,1270.84,128.11,1837,5282,46.9506322957198,16.4928720775594,4112
"臺北市文山區","興光里",4990,6466,63,6300800,"6300800-014","興光里","文山區","臺北市",910,836,189,47.03,43.2,9.77,1,1143,1391600,1217,760,411,1526,1891.4,155.35,1516,3721,47.93174974908,16.7277621059985,2989
"臺北市文山區","興安里",4994,6470,63,6300800,"6300800-018","興安里","文山區","臺北市",1867,1412,441,50.19,37.96,11.85,2,2271,3034335,1336,820,418,1613,2215.55,165.82,2657,6872,48.8400872251499,17.0854299491408,5503
"臺北市文山區","興邦里",5018,6494,63,6300800,"6300800-042","興邦里","文山區","臺北市",1399,1050,335,50.25,37.72,12.03,2,1648,1813490,1100,792,422,1439,1200.53,109.1,2092,4977,48.3828960155491,17.0378341632274,4116
"臺北市文山區","興旺里",4996,6472,63,6300800,"6300800-020","興旺里","文山區","臺北市",2187,1810,578,47.8,39.56,12.63,1,2883,3024326,1049,742,434,1367,1157.83,110.37,3375,8654,46.5889395667047,16.0333998850631,7016
"臺北市文山區","興昌里",4998,6474,63,6300800,"6300800-022","興昌里","文山區","臺北市",1756,1485,483,47.15,39.88,12.97,1,2411,3625104,1504,885,453,1731,3608.89,240.02,2803,7044,48.1037917176306,16.5283121814664,5723
"臺北市文山區","興家里",4991,6467,63,6300800,"6300800-015","興家里","文山區","臺北市",1984,1812,561,45.54,41.59,12.88,1,2582,2479833,960,689,400,1234,928.03,96.63,2838,7885,46.7675541024443,16.5085004371858,6423
"臺北市文山區","興泰里",4997,6473,63,6300800,"6300800-021","興泰里","文山區","臺北市",1069,1000,266,45.78,42.83,11.39,1,1371,1502963,1096,761,407,1354,1410.93,128.7,1700,4107,48.7744294909304,16.7973419866569,3418
"臺北市文山區","興得里",4992,6468,63,6300800,"6300800-016","興得里","文山區","臺北市",1600,1470,373,46.47,42.7,10.83,1,1985,2036656,1026,715,386,1337,1029.85,100.37,2406,6338,47.6451424112368,17.0648365054081,5126
"臺北市文山區","興業里",4993,6469,63,6300800,"6300800-017","興業里","文山區","臺北市",1568,1202,353,50.21,38.49,11.3,2,1901,2203018,1159,772,416,1426,2193.84,189.31,2081,5584,49.6394601542416,17.4307554736965,4668
"臺北市文山區","興福里",4995,6471,63,6300800,"6300800-019","興福里","文山區","臺北市",1345,1537,363,41.45,47.37,11.19,5,1928,2050655,1064,725,408,1366,1263.11,118.76,2185,6374,47.1801577418016,16.4297163614516,4818
"臺北市文山區","興豐里",4989,6465,63,6300800,"6300800-013","興豐里","文山區","臺北市",1328,1236,307,46.26,43.05,10.69,1,1714,2169780,1266,801,413,1582,1624.89,128.36,2029,5133,48.5085935608811,16.9419419912078,4131
"臺北市北投區","一德里",5140,6642,63,6301200,"6301200-037","一德里","北投區","臺北市",1240,2570,408,29.4,60.93,9.67,7,2325,2316661,996,653,368,1176,1388.3,139.33,2779,7790,46.4441575209813,16.3429873065793,6196
"臺北市北投區","八仙里",5121,6623,63,6301200,"6301200-018","八仙里","北投區","臺北市",1035,1823,297,32.81,57.78,9.41,6,1794,1924059,1072,670,371,1291,1636.25,152.56,2120,5717,47.6207563386334,16.5411393151983,4654
"臺北市北投區","大屯里",5144,6646,63,6301200,"6301200-041","大屯里","北投區","臺北市",147,468,55,21.94,69.85,8.21,7,348,587425,1688,590,370,1127,7363.53,436.23,430,1266,49.5858101629914,17.320426980493,1043
"臺北市北投區","大同里",5127,6629,63,6301200,"6301200-024","大同里","北投區","臺北市",1002,2167,348,28.49,61.62,9.89,7,1994,2149139,1078,662,373,1257,1539.45,142.83,2380,6294,47.7234209493919,16.87294746414,5098
"臺北市北投區","中心里",5130,6632,63,6301200,"6301200-027","中心里","北投區","臺北市",1187,1969,360,33.76,56,10.24,6,2185,2480170,1135,670,359,1291,2271.24,200.09,3038,6707,48.4512911843277,16.9239482042702,5615
"臺北市北投區","中央里",5125,6627,63,6301200,"6301200-022","中央里","北投區","臺北市",1513,3037,442,30.31,60.84,8.85,7,2907,3258885,1121,659,374,1284,2136.56,190.59,3406,9143,47.3402270884023,16.6229867539214,7398
"臺北市北投區","中和里",5133,6635,63,6301200,"6301200-030","中和里","北投區","臺北市",1124,1596,323,36.94,52.45,10.61,6,1712,1880879,1099,670,364,1254,2089.53,190.19,1968,5292,48.9885896850753,17.2980386963218,4382
"臺北市北投區","中庸里",5131,6633,63,6301200,"6301200-028","中庸里","北投區","臺北市",773,1556,250,29.97,60.33,9.69,7,1408,1239604,880,598,348,1121,923.89,104.94,1778,4636,47.9192546583851,17.1967575384966,3864
"臺北市北投區","文化里",5136,6638,63,6301200,"6301200-033","文化里","北投區","臺北市",1245,958,261,50.53,38.88,10.59,2,1399,1550433,1108,799,411,1551,1025.45,92.53,1675,4560,48.3339982901111,16.9930043944043,3509
"臺北市北投區","文林里",2977,6607,63,6301200,"6301200-002","文林里","北投區","臺北市",794,1532,220,31.19,60.17,8.64,7,1496,1750339,1170,714,406,1419,1772.47,151.49,1657,4425,48.8557718672882,17.0017510348557,3647
"臺北市北投區","永和里",5112,6614,63,6301200,"6301200-009","永和里","北投區","臺北市",1787,2910,486,34.48,56.15,9.38,6,3195,5179434,1621,817,414,1655,3765.69,232.29,3667,9719,48.4866614866615,16.6818855384979,7722
"臺北市北投區","永明里",5114,6616,63,6301200,"6301200-011","永明里","北投區","臺北市",1046,1488,305,36.84,52.41,10.74,6,1589,1931945,1216,773,446,1519,1620.03,133.25,1873,5273,47.3938938938939,16.6447153565946,3996
"臺北市北投區","永欣里",5113,6615,63,6301200,"6301200-010","永欣里","北投區","臺北市",1812,2228,418,40.65,49.98,9.38,5,2932,5978980,2039,1033,470,2257,4311.31,211.42,3368,8214,48.733831604637,17.0177227727286,6556
"臺北市北投區","石牌里",2978,6608,63,6301200,"6301200-003","石牌里","北投區","臺北市",1012,1908,329,31.15,58.73,10.13,6,1931,1936007,1003,669,401,1250,1029.44,102.68,2096,5676,47.6108957795004,16.6429022350314,4644
"臺北市北投區","立農里",5120,6622,63,6301200,"6301200-017","立農里","北投區","臺北市",1719,3040,513,32.61,57.66,9.73,6,2913,2923953,1004,704,398,1291,1068.56,106.46,3399,9727,46.5714285714286,16.0769272850525,7553
"臺北市北投區","立賢里",5119,6621,63,6301200,"6301200-016","立賢里","北投區","臺北市",964,1829,318,30.99,58.79,10.22,6,1800,1780625,989,679,374,1248,1110.83,112.29,2058,5913,46.9666593066902,16.2262919811782,4529
"臺北市北投區","吉利里",5116,6618,63,6301200,"6301200-013","吉利里","北投區","臺北市",1505,2028,462,37.67,50.76,11.56,6,2255,2493529,1106,737,401,1402,1558.74,140.96,2557,7584,47.5625330746163,16.2719712221804,5669
"臺北市北投區","吉慶里",5117,6619,63,6301200,"6301200-014","吉慶里","北投區","臺北市",932,1863,287,30.24,60.45,9.31,7,1717,1826279,1064,757,411,1376,1116.21,104.94,1965,5750,47.6037779313522,16.9206619068122,4341
"臺北市北投區","秀山里",5135,6637,63,6301200,"6301200-032","秀山里","北投區","臺北市",744,1039,212,37.29,52.08,10.63,6,1014,875861,864,595,361,1100,852.25,98.67,1244,3522,49.1758691206544,17.5382069195868,2934
"臺北市北投區","奇岩里",5123,6625,63,6301200,"6301200-020","奇岩里","北投區","臺北市",1968,3181,576,34.38,55.56,10.06,6,3230,4387662,1358,695,379,1343,5251.55,386.6,3629,10029,47.7884337349398,16.819224835076,8300
"臺北市北投區","東華里",5115,6617,63,6301200,"6301200-012","東華里","北投區","臺北市",1069,1335,288,39.71,49.59,10.7,5,1456,1551814,1066,674,377,1370,1251.37,117.41,1614,4716,48.3596890913964,16.8791032593504,3731
"臺北市北投區","林泉里",5129,6631,63,6301200,"6301200-026","林泉里","北投區","臺北市",800,841,206,43.31,45.53,11.15,5,1060,1156752,1091,634,359,1185,4328.83,396.68,1549,3557,49.5978332239002,17.0696340037724,3046
"臺北市北投區","長安里",5126,6628,63,6301200,"6301200-023","長安里","北投區","臺北市",1081,1952,332,32.12,58.01,9.87,6,2029,1981030,976,628,371,1171,1380.6,141.4,2630,6440,48.0036335819468,16.8104351735812,5229
"臺北市北投區","建民里",2976,6606,63,6301200,"6301200-001","建民里","北投區","臺北市",827,1507,251,31.99,58.3,9.71,6,1445,1827849,1265,715,389,1429,2155.31,170.39,1695,4451,49.2950285248574,17.553903470074,3681
"臺北市北投區","泉源里",5142,6644,63,6301200,"6301200-039","泉源里","北投區","臺北市",374,857,125,27.58,63.2,9.22,7,661,698271,1056,556,352,995,2824.34,267.36,847,2447,48.8711068519406,17.4729900088162,2087
"臺北市北投區","洲美里",5122,6624,63,6301200,"6301200-019","洲美里","北投區","臺北市",235,922,99,18.71,73.41,7.88,8,636,502730,790,552,325,974,761.66,96.36,863,2258,47.4446280991736,16.7713875645294,1815
"臺北市北投區","振華里",2983,6613,63,6301200,"6301200-008","振華里","北投區","臺北市",1725,2311,488,38.13,51.08,10.79,6,2710,3137959,1158,739,404,1402,1524.88,131.69,2889,8097,48.8916602907422,17.0912278133907,6535
"臺北市北投區","桃源里",5139,6641,63,6301200,"6301200-036","桃源里","北投區","臺北市",1075,2111,369,30.24,59.38,10.38,6,2064,2010743,974,620,377,1195,1399.24,143.63,2320,6309,46.1696923370915,16.4038309671942,5233
"臺北市北投區","清江里",5124,6626,63,6301200,"6301200-021","清江里","北投區","臺北市",1609,2971,503,31.65,58.45,9.9,6,2604,2411984,926,626,361,1091,1617.02,174.58,4191,9924,48.2631768088165,16.5840658790846,8348
"臺北市北投區","尊賢里",5118,6620,63,6301200,"6301200-015","尊賢里","北投區","臺北市",809,1692,271,29.18,61.04,9.78,7,1533,1544826,1008,682,382,1236,1274.63,126.49,1778,5148,47.691996970462,16.5708735166485,3961
"臺北市北投區","智仁里",5134,6636,63,6301200,"6301200-031","智仁里","北投區","臺北市",1267,1944,358,35.5,54.47,10.03,6,1957,1725422,882,642,386,1131,849.98,96.41,2325,6654,47.295019882598,16.7941205245449,5281
"臺北市北投區","湖山里",5143,6645,63,6301200,"6301200-040","湖山里","北投區","臺北市",302,630,115,28.84,60.17,10.98,7,499,657614,1318,639,361,1231,5134.56,389.61,713,1838,51.6603773584906,18.1924478728408,1590
"臺北市北投區","湖田里",5145,6647,63,6301200,"6301200-042","湖田里","北投區","臺北市",149,345,68,26.51,61.39,12.1,7,265,312558,1179,583,326,1037,2948.64,250,384,1026,49.4517937219731,17.6461522606962,892
"臺北市北投區","開明里",5132,6634,63,6301200,"6301200-029","開明里","北投區","臺北市",1476,2032,396,37.81,52.05,10.14,6,2168,3274050,1510,681,385,1304,10476.66,693.74,2581,6824,48.1437073341502,16.9805492884049,5713
"臺北市北投區","溫泉里",5128,6630,63,6301200,"6301200-025","溫泉里","北投區","臺北市",1307,2251,407,32.96,56.77,10.26,6,2273,2467110,1085,662,367,1261,1926.21,177.47,2784,7057,48.5350187905705,17.1060835321034,5854
"臺北市北投區","裕民里",2982,6612,63,6301200,"6301200-007","裕民里","北投區","臺北市",1609,2414,481,35.72,53.6,10.68,6,2724,3753303,1378,752,402,1477,3024.83,219.53,3076,8081,47.9606827186833,16.8239619544861,6562
"臺北市北投區","榮光里",2980,6610,63,6301200,"6301200-005","榮光里","北投區","臺北市",1502,2230,430,36.09,53.58,10.33,6,2317,2403444,1037,705,389,1272,1450.67,139.85,2808,8187,47.4964005235602,16.5344511868101,6112
"臺北市北投區","榮華里",2981,6611,63,6301200,"6301200-006","榮華里","北投區","臺北市",1680,2354,414,37.77,52.92,9.31,6,2783,5120272,1840,821,428,1618,11876,645.49,2963,7895,48.7351241605497,16.9051463071405,6403
"臺北市北投區","福興里",2979,6609,63,6301200,"6301200-004","福興里","北投區","臺北市",1371,2323,433,33.22,56.29,10.49,6,2328,2365014,1016,713,401,1263,1136.56,111.88,2685,7631,47.1540434262267,16.3830358933693,5849
"臺北市北投區","稻香里",5138,6640,63,6301200,"6301200-035","稻香里","北投區","臺北市",1040,1522,312,36.19,52.96,10.86,6,1593,1446337,908,653,366,1112,1072.76,118.15,2051,5312,47.4725965858041,16.7364866623918,4452
"臺北市北投區","豐年里",5137,6639,63,6301200,"6301200-034","豐年里","北投區","臺北市",938,1478,293,34.63,54.56,10.82,6,1404,1173066,836,612,352,1106,778.33,93.16,1715,4947,46.8586563307494,16.3437688938961,3870
"臺北市北投區","關渡里",5141,6643,63,6301200,"6301200-038","關渡里","北投區","臺北市",2137,3759,654,32.63,57.39,9.98,6,3580,3715385,1038,640,378,1180,1656.31,159.6,4162,11826,47.7129581827568,17.2047766348488,9685
"臺北市松山區","三民里",4738,6194,63,6300100,"6300100-004","三民里","松山區","臺北市",1637,1863,384,42.15,47.97,9.89,5,2534,3987474,1574,807,399,1589,6160.01,391.46,2918,7153,50.85445527621,17.3740680924103,5847
"臺北市松山區","中正里",4759,6215,63,6300100,"6300100-026","中正里","松山區","臺北市",1719,2845,531,33.74,55.84,10.42,6,3533,7512844,2126,1011,482,2007,15786.87,742.4,3927,10877,47.9250911933299,15.9328970324715,7676
"臺北市松山區","中崙里",4760,6216,63,6300100,"6300100-027","中崙里","松山區","臺北市",879,1190,239,38.08,51.56,10.36,6,1443,2057192,1426,823,406,1648,2898.22,203.29,1731,4646,48.121633619414,16.0433805281051,3379
"臺北市松山區","中華里",4749,6205,63,6300100,"6300100-015","中華里","松山區","臺北市",1472,1690,368,41.7,47.88,10.42,5,2334,7163155,3069,983,457,2148,33841.08,1102.66,2515,6788,50.3429679922405,17.0301816439616,5155
"臺北市松山區","介壽里",4743,6199,63,6300100,"6300100-009","介壽里","松山區","臺北市",909,1360,239,36.24,54.23,9.53,6,1589,2697501,1698,897,442,1877,4197.21,247.24,1765,4843,50.042943107221,17.0948430578294,3656
"臺北市松山區","民有里",4750,6206,63,6300100,"6300100-016","民有里","松山區","臺北市",1896,2704,485,37.29,53.18,9.54,6,3464,6561987,1894,833,403,1762,7502.63,396.06,3446,9032,50.3885790172643,17.2392700727775,7530
"臺北市松山區","民福里",4751,6207,63,6300100,"6300100-017","民福里","松山區","臺北市",1709,1698,463,44.16,43.88,11.96,1,2294,2533079,1104,712,382,1382,1535.14,139.02,2640,6630,49.9885057471264,17.4379397386716,5655
"臺北市松山區","吉仁里",4762,6218,63,6300100,"6300100-029","吉仁里","松山區","臺北市",854,1121,251,38.36,50.36,11.28,6,1442,2040832,1415,796,418,1685,2383.94,168.44,1568,4333,49.1436330718165,16.9315747315513,3314
"臺北市松山區","吉祥里",4756,6212,63,6300100,"6300100-022","吉祥里","松山區","臺北市",1913,2357,528,39.87,49.12,11,5,3209,4425087,1379,757,391,1491,5030.82,364.83,3426,8796,49.3590590177466,17.2731722177838,7269
"臺北市松山區","安平里",4753,6209,63,6300100,"6300100-019","安平里","松山區","臺北市",1709,2732,496,34.62,55.34,10.05,6,2899,2918089,1007,661,366,1255,1627,161.64,3539,8685,48.8772871096437,17.2924738531139,7269
"臺北市松山區","自強里",4755,6211,63,6300100,"6300100-021","自強里","松山區","臺北市",3413,1501,684,60.97,26.81,12.22,3,3128,4331423,1385,818,409,1619,3440.07,248.43,3756,10288,51.4393147855668,17.9495893601756,8231
"臺北市松山區","東光里",4745,6201,63,6300100,"6300100-011","東光里","松山區","臺北市",1782,1968,421,42.72,47.18,10.09,5,2662,3656188,1373,792,395,1611,2450.36,178.41,3019,7507,51.009253350351,17.7966939026601,6268
"臺北市松山區","東昌里",4747,6203,63,6300100,"6300100-013","東昌里","松山區","臺北市",560,843,139,36.32,54.67,9.01,6,917,9836571,10727,936,474,1816,261760.57,2440.22,1034,2939,49.872029250457,17.3126979452002,2188
"臺北市松山區","東勢里",4748,6204,63,6300100,"6300100-014","東勢里","松山區","臺北市",927,1303,236,37.59,52.84,9.57,6,1656,3476724,2099,818,403,1639,26527.7,1263.54,1822,4733,50.4993266900081,17.3712667116858,3713
"臺北市松山區","東榮里",4737,6193,63,6300100,"6300100-003","東榮里","松山區","臺北市",1790,2369,377,39.46,52.23,8.31,6,3002,5869047,1955,910,428,1955,7126.2,364.5,3003,8472,50.3715498938429,17.1316146529963,6594
"臺北市松山區","松基里",4768,6224,63,6300100,"6300100-035","松基里","松山區","臺北市",748,1135,179,36.28,55.04,8.68,6,1414,3531908,2498,846,398,1797,14296.81,572.37,1463,3751,49.9662957074722,17.3324954407005,3145
"臺北市松山區","美仁里",4761,6217,63,6300100,"6300100-028","美仁里","松山區","臺北市",724,1076,187,36.44,54.15,9.41,6,1242,2025885,1631,905,437,1845,2932.42,179.78,1364,3848,49.1729824561404,16.5026496506143,2850
"臺北市松山區","莊敬里",4736,6192,63,6300100,"6300100-002","莊敬里","松山區","臺北市",1254,1480,378,40.3,47.56,12.15,5,1764,1685818,956,717,396,1250,860.99,90.09,2079,5656,49.4703624733475,17.1790047666523,4690
"臺北市松山區","富泰里",4742,6198,63,6300100,"6300100-008","富泰里","松山區","臺北市",1184,1130,285,45.56,43.48,10.97,1,1693,2158699,1275,805,407,1573,1875.55,147.09,2035,4917,50.0256862251322,16.9438715225301,3971
"臺北市松山區","富錦里",4740,6196,63,6300100,"6300100-006","富錦里","松山區","臺北市",1239,1434,282,41.93,48.53,9.54,5,1876,3301915,1760,780,417,1510,14116.15,802.02,2128,5455,49.4474040632054,16.9739625669728,4430
"臺北市松山區","復建里",4765,6221,63,6300100,"6300100-032","復建里","松山區","臺北市",1008,1188,297,40.43,47.65,11.91,5,1643,2161124,1315,866,433,1717,1455.57,110.66,1826,4881,48.4307817589577,16.2213695779655,3684
"臺北市松山區","復盛里",4758,6214,63,6300100,"6300100-025","復盛里","松山區","臺北市",1586,1827,417,41.41,47.7,10.89,5,2327,2627815,1129,713,378,1364,2774.17,245.66,2548,6769,49.4054839295442,17.5253871958823,5507
"臺北市松山區","復勢里",4766,6222,63,6300100,"6300100-033","復勢里","松山區","臺北市",1234,1960,365,34.67,55.07,10.26,6,2300,3244699,1411,799,406,1522,5513.74,390.84,2546,6601,49.2851630329925,17.1607157700754,5183
"臺北市松山區","復源里",4764,6220,63,6300100,"6300100-031","復源里","松山區","臺北市",732,889,213,39.91,48.47,11.61,5,1141,1620356,1420,774,379,1521,4758.52,335.08,1280,3521,49.1031356252361,16.6577001390663,2647
"臺北市松山區","敦化里",4763,6219,63,6300100,"6300100-030","敦化里","松山區","臺北市",1466,2141,418,36.42,53.19,10.39,6,2590,4077210,1574,848,434,1686,4250.22,269.99,2601,7523,49.3393293747817,16.9303172286977,5726
"臺北市松山區","慈祐里",4752,6208,63,6300100,"6300100-018","慈祐里","松山區","臺北市",1160,2263,473,29.77,58.09,12.14,6,2353,2203785,937,649,368,1157,983.3,104.99,4010,8113,48.8605859431375,17.0880384274634,6929
"臺北市松山區","新東里",4741,6197,63,6300100,"6300100-007","新東里","松山區","臺北市",1104,1486,278,38.49,51.81,9.69,6,1788,2056958,1150,778,397,1410,1420.23,123.45,1998,5180,49.1426519865965,16.6113817513716,4178
"臺北市松山區","新益里",4739,6195,63,6300100,"6300100-005","新益里","松山區","臺北市",1043,1530,262,36.79,53.97,9.24,6,1714,1865096,1088,736,387,1420,1341.26,123.26,1851,4878,49.1018904984041,17.1588290695017,4073
"臺北市松山區","新聚里",4757,6213,63,6300100,"6300100-024","新聚里","松山區","臺北市",1683,2449,489,36.42,53,10.58,6,2981,3727959,1251,729,386,1373,4137.31,330.83,3329,8373,48.3149824766355,17.0082854276657,6848
"臺北市松山區","福成里",4767,6223,63,6300100,"6300100-034","福成里","松山區","臺北市",550,827,144,36.16,54.37,9.47,6,1005,4183166,4162,908,429,1882,54215.32,1302.52,1021,2872,50.4489977728285,17.4091009944948,2245
"臺北市松山區","精忠里",4744,6200,63,6300100,"6300100-010","精忠里","松山區","臺北市",1022,1163,246,42.04,47.84,10.12,5,1564,3145093,2011,959,443,1878,6939.86,345.11,1726,4677,50.5199442119944,17.3242505758954,3585
"臺北市松山區","龍田里",4746,6202,63,6300100,"6300100-012","龍田里","松山區","臺北市",2948,1964,567,53.81,35.85,10.35,2,3610,5873804,1627,1007,472,1949,6061.97,372.56,4243,11220,49.9750902527076,16.9818613633753,8310
"臺北市松山區","鵬程里",4754,6210,63,6300100,"6300100-020","鵬程里","松山區","臺北市",1499,1326,389,46.64,41.26,12.1,1,1893,2469616,1305,755,390,1509,3911.03,299.79,2136,5757,49.0048278757347,17.2180836106676,4764
"臺北市信義區","三張里",4798,6254,63,6300200,"6300200-030","三張里","信義區","臺北市",2331,2337,577,44.44,44.56,11,5,3139,4508606,1436,702,374,1356,6413.88,446.55,3650,9341,49.6460472279261,17.690630090526,7792
"臺北市信義區","三犁里",4799,6255,63,6300200,"6300200-031","三犁里","信義區","臺北市",1328,1338,329,44.34,44.67,10.98,5,1940,5265770,2714,791,422,1643,12201.37,449.52,2152,5474,49.6723039754008,17.2670341194195,4553
"臺北市信義區","大仁里",4795,6251,63,6300200,"6300200-027","大仁里","信義區","臺北市",940,1275,225,38.52,52.25,9.22,6,1328,1174131,884,656,354,1161,874.37,98.9,1657,4198,49.8048712206047,17.6062682519133,3572
"臺北市信義區","大道里",4794,6250,63,6300200,"6300200-026","大道里","信義區","臺北市",1336,2050,378,35.49,54.46,10.04,6,2188,2278407,1041,698,404,1269,1215.77,116.75,2412,6399,49.0110864745011,17.1123593018107,5412
"臺北市信義區","中行里",4793,6249,63,6300200,"6300200-025","中行里","信義區","臺北市",1541,2620,544,32.75,55.69,11.56,6,2615,2407578,921,659,387,1179,951.93,103.39,2982,8477,47.2573592454987,16.9226485940746,6998
"臺北市信義區","中坡里",4792,6248,63,6300200,"6300200-024","中坡里","信義區","臺北市",1013,1368,282,38.04,51.37,10.59,6,1557,1525213,980,627,367,1162,2307.9,235.6,1695,4697,48.2442748091603,17.1959334220411,3930
"臺北市信義區","中興里",4772,6228,63,6300200,"6300200-004","中興里","信義區","臺北市",778,883,196,41.9,47.55,10.55,5,1288,1618793,1257,753,355,1476,1899.33,151.12,1726,3618,49.814627569936,16.9773143622201,2967
"臺北市信義區","五全里",4781,6237,63,6300200,"6300200-013","五全里","信義區","臺北市",1047,1786,299,33.43,57.02,9.55,6,1784,1973740,1106,657,376,1232,2998.8,271.05,2021,5253,48.8597602352409,17.2810833170853,4421
"臺北市信義區","五常里",4780,6236,63,6300200,"6300200-012","五常里","信義區","臺北市",821,1111,245,37.71,51.03,11.25,6,1313,1452427,1106,689,372,1245,2247.57,203.18,1486,3955,48.3448065793482,17.2593560950333,3283
"臺北市信義區","六合里",4800,6256,63,6300200,"6300200-032","六合里","信義區","臺北市",1835,1609,439,47.26,41.44,11.31,1,2487,5009166,2014,764,410,1543,21596.8,1072.26,2838,7134,49.1487768347479,17.3533414044128,6009
"臺北市信義區","六藝里",4778,6234,63,6300200,"6300200-010","六藝里","信義區","臺北市",755,1186,245,34.54,54.25,11.21,6,1199,1158225,966,688,381,1239,946.01,97.93,1392,4025,47.9679771718453,16.6772465798718,3154
"臺北市信義區","四育里",4784,6240,63,6300200,"6300200-016","四育里","信義區","臺北市",1131,1952,346,32.98,56.93,10.09,6,1903,1828491,961,687,399,1261,917.24,95.46,2184,5865,48.2686746987952,17.4049946280547,4980
"臺北市信義區","四維里",4785,6241,63,6300200,"6300200-017","四維里","信義區","臺北市",1265,1591,302,40.06,50.38,9.56,6,1883,2090465,1110,671,382,1280,2033.68,183.19,2177,5549,48.4271314573709,17.4157913651238,4762
"臺北市信義區","正和里",4770,6226,63,6300200,"6300200-002","正和里","信義區","臺北市",1246,1117,315,46.53,41.71,11.76,1,1708,2728171,1597,775,392,1649,7188.64,450.05,1912,4930,50.4662949822605,17.227054839912,3946
"臺北市信義區","永吉里",4782,6238,63,6300200,"6300200-014","永吉里","信義區","臺北市",609,1508,240,25.84,63.98,10.18,7,1014,808638,797,583,345,963,893.53,112.05,1444,4273,46.4370412196499,16.3923645667835,3542
"臺北市信義區","永春里",4786,6242,63,6300200,"6300200-018","永春里","信義區","臺北市",990,1619,283,34.23,55.98,9.79,6,1626,1483499,912,650,388,1125,924.5,101.33,1989,5151,48.9292364990689,17.4579068642266,4296
"臺北市信義區","安康里",4777,6233,63,6300200,"6300200-009","安康里","信義區","臺北市",2263,2666,551,41.3,48.65,10.05,5,3887,16148314,4154,994,470,2180,39750.51,956.82,4367,11174,48.3844788832367,16.4797372387103,8453
"臺北市信義區","西村里",4769,6225,63,6300200,"6300200-001","西村里","信義區","臺北市",1552,879,296,56.91,32.23,10.85,2,1676,1791779,1069,726,375,1388,1201.8,112.41,2947,6125,52.3444380624162,17.961322476304,5223
"臺北市信義區","松友里",4790,6246,63,6300200,"6300200-022","松友里","信義區","臺北市",1495,1837,454,39.49,48.52,11.99,5,2336,2422720,1037,709,399,1281,1352.75,130.43,2570,7322,48.3504452592981,16.789370157912,5727
"臺北市信義區","松光里",4791,6247,63,6300200,"6300200-023","松光里","信義區","臺北市",1049,1534,317,36.17,52.9,10.93,6,1753,1871617,1068,727,413,1317,1212.63,113.58,2080,5112,50.3208152049462,17.5456846712642,4367
"臺北市信義區","松隆里",4789,6245,63,6300200,"6300200-021","松隆里","信義區","臺北市",462,628,168,36.72,49.92,13.35,5,689,571100,829,593,328,1066,801.21,96.66,887,2381,48.6367245657568,16.9306288935346,2015
"臺北市信義區","長春里",4783,6239,63,6300200,"6300200-015","長春里","信義區","臺北市",848,1332,292,34.3,53.88,11.81,6,1298,1136933,876,609,353,1081,896.9,102.4,1683,4351,48.2438496891052,17.4209064799912,3699
"臺北市信義區","泰和里",4801,6257,63,6300200,"6300200-033","泰和里","信義區","臺北市",1798,2070,518,40.99,47.2,11.81,5,2630,2634334,1002,653,382,1152,1944.88,194.17,3138,8349,47.3717780690258,16.4519849836104,6867
"臺北市信義區","國業里",4788,6244,63,6300200,"6300200-020","國業里","信義區","臺北市",1639,2029,475,39.56,48.97,11.47,5,2582,3218973,1247,795,419,1517,2286.99,183.44,3024,8208,48.9004792332268,16.7695096363745,6260
"臺北市信義區","富台里",8982,6243,63,6300200,"6300200-019","富台里","信義區","臺北市",1204,926,296,49.63,38.17,12.2,1,1570,1869051,1190,769,409,1457,1588.99,133.47,1998,4615,48.3379978471475,16.6109755523526,3716
"臺北市信義區","惠安里",4797,6253,63,6300200,"6300200-029","惠安里","信義區","臺北市",1767,1634,442,45.98,42.52,11.5,1,2191,2207203,1007,701,396,1267,1067.76,105.99,2645,6931,47.918501820704,16.8868761180945,5767
"臺北市信義區","敦厚里",4775,6231,63,6300200,"6300200-007","敦厚里","信義區","臺北市",1187,1443,319,40.25,48.93,10.82,5,1947,2238647,1150,747,393,1401,1601.01,139.24,2305,5509,48.3277034437377,16.9007295448407,4559
"臺北市信義區","景勤里",4803,6259,63,6300200,"6300200-035","景勤里","信義區","臺北市",1055,1089,253,44.01,45.43,10.55,5,1343,1340559,998,704,402,1268,997.14,99.9,1709,4282,49.7035694366983,17.5568068061651,3586
"臺北市信義區","景新里",4796,6252,63,6300200,"6300200-028","景新里","信義區","臺北市",1295,1284,304,44.92,44.54,10.54,1,1856,6024278,3246,838,433,1745,19072.84,587.61,2198,5406,49.9831127339115,17.4681084536636,4382
"臺北市信義區","景聯里",4802,6258,63,6300200,"6300200-034","景聯里","信義區","臺北市",1136,1355,304,40.64,48.48,10.88,5,1678,1930003,1150,737,397,1393,1477.27,128.44,1915,4784,49.4347181008902,17.2796410681694,4044
"臺北市信義區","雅祥里",4779,6235,63,6300200,"6300200-011","雅祥里","信義區","臺北市",999,1579,288,34.86,55.09,10.05,6,1713,1909650,1115,700,377,1271,1995.07,178.96,2072,5209,47.9144059869036,16.6080572641037,4276
"臺北市信義區","新仁里",4773,6229,63,6300200,"6300200-005","新仁里","信義區","臺北市",890,836,227,45.57,42.81,11.62,1,1292,1846316,1429,880,420,1607,4480.53,313.53,1422,3656,49.9156996587031,17.1902442550425,2930
"臺北市信義區","嘉興里",4805,6261,63,6300200,"6300200-037","嘉興里","信義區","臺北市",715,983,189,37.89,52.09,10.02,6,1191,1258970,1057,648,373,1198,2337.27,221.11,1318,3348,49.1989510489511,16.9786352467964,2860
"臺北市信義區","廣居里",4776,6232,63,6300200,"6300200-008","廣居里","信義區","臺北市",1870,2184,435,41.66,48.65,9.69,5,2826,3690262,1306,815,412,1591,2031.39,155.56,3151,8455,48.7374301675978,16.8274022434612,6623
"臺北市信義區","黎平里",4807,6263,63,6300200,"6300200-039","黎平里","信義區","臺北市",1704,1934,505,41.13,46.68,12.19,5,2567,2770012,1079,725,397,1349,1208.73,112.01,2982,7416,48.4485270314017,16.9893237265542,6178
"臺北市信義區","黎安里",4809,6265,63,6300200,"6300200-041","黎安里","信義區","臺北市",734,446,117,56.59,34.39,9.02,2,465,370191,796,550,347,964,909.52,114.25,977,2218,54.4785529715762,19.8243821889172,1935
"臺北市信義區","黎忠里",4808,6264,63,6300200,"6300200-040","黎忠里","信義區","臺北市",1154,1402,318,40.15,48.78,11.06,5,1629,1612057,990,696,404,1205,1031.13,104.2,1987,5050,48.624295112782,17.0407120307343,4256
"臺北市信義區","黎順里",4806,6262,63,6300200,"6300200-038","黎順里","信義區","臺北市",1025,1136,228,42.9,47.55,9.54,5,1462,1616041,1105,697,410,1340,1370.19,123.96,1778,4346,48.6995431335662,17.20443254279,3721
"臺北市信義區","興隆里",4771,6227,63,6300200,"6300200-003","興隆里","信義區","臺北市",694,647,179,45.66,42.57,11.78,1,1002,9101653,9083,806,368,1895,206062.57,2268.54,1263,3029,51.6092929292929,17.5940897590511,2475
"臺北市信義區","興雅里",4774,6230,63,6300200,"6300200-006","興雅里","信義區","臺北市",1310,1698,337,39.16,50.76,10.07,6,2101,2347453,1117,738,378,1395,1393.38,124.71,2486,6095,50.1782315622522,17.4724591818759,5044
"臺北市信義區","雙和里",4804,6260,63,6300200,"6300200-036","雙和里","信義區","臺北市",1822,1916,492,43.07,45.3,11.63,5,2487,2680845,1078,739,399,1337,1266.74,117.51,2927,7501,48.3688989784336,17.0424824011277,6167
"臺北市南港區","九如里",5037,6513,63,6300900,"6300900-018","九如里","南港區","臺北市",1504,1687,438,41.44,46.49,12.07,5,2042,1850413,906,627,366,1140,1019.96,112.56,2500,6788,48.1622462044997,17.2461551617963,5467
"臺北市南港區","三重里",5023,6499,63,6300900,"6300900-004","三重里","南港區","臺北市",1259,1776,431,36.32,51.24,12.44,6,2329,4109209,1764,939,453,1918,4454.43,252.47,3216,7043,45.6187297004691,15.3228069027198,5542
"臺北市南港區","中南里",5021,6497,63,6300900,"6300900-002","中南里","南港區","臺北市",673,1194,248,31.82,56.45,11.73,6,1180,941463,798,580,340,957,1289.38,161.61,1496,4009,47.0542874768661,16.5999156903465,3242
"臺北市南港區","中研里",5036,6512,63,6300900,"6300900-017","中研里","南港區","臺北市",1943,2849,615,35.93,52.69,11.37,6,3220,3349227,1040,694,403,1282,1178.4,113.29,3506,9756,46.9246627640621,16.8847673310415,7858
"臺北市南港區","仁福里",5038,6514,63,6300900,"6300900-019","仁福里","南港區","臺北市",1394,1399,437,43.16,43.31,13.53,5,1854,1847810,997,697,385,1307,993.64,99.7,2281,5953,47.6286604361371,16.0421695384857,4815
"臺北市南港區","玉成里",5028,6504,63,6300900,"6300900-009","玉成里","南港區","臺北市",860,1683,343,29.8,58.32,11.88,6,1677,1610908,961,661,372,1233,1182.33,123.08,2010,5196,47.1392375088799,16.48782821847,4223
"臺北市南港區","合成里",5029,6505,63,6300900,"6300900-010","合成里","南港區","臺北市",1367,2260,422,33.76,55.82,10.42,6,2366,2884375,1219,680,381,1224,3186.36,261.37,2830,7274,48.245719035744,16.7480514729478,6015
"臺北市南港區","成福里",5030,6506,63,6300900,"6300900-011","成福里","南港區","臺北市",1800,2155,582,39.67,47.5,12.83,5,2627,2486227,946,653,382,1194,1016,107.35,2916,7927,47.3016503667482,16.6556273951676,6544
"臺北市南港區","百福里",5033,6509,63,6300900,"6300900-014","百福里","南港區","臺北市",1081,1658,375,34.71,53.24,12.04,6,1775,1579790,890,634,374,1087,1048.93,117.85,2123,5692,46.9076028429894,16.2961458085782,4643
"臺北市南港區","西新里",5027,6503,63,6300900,"6300900-008","西新里","南港區","臺北市",766,1668,300,28.02,61.01,10.97,7,1686,1446857,858,606,350,1041,961.49,112.04,1883,5131,46.4406779661017,16.2966046448284,4071
"臺北市南港區","東明里",5026,6502,63,6300900,"6300900-007","東明里","南港區","臺北市",1051,1373,296,38.64,50.48,10.88,6,1687,2069712,1227,771,403,1451,1722.25,140.38,1884,4982,47.1731246895181,16.6198124222469,4026
"臺北市南港區","東新里",5024,6500,63,6300900,"6300900-005","東新里","南港區","臺北市",1421,2234,460,34.53,54.29,11.18,6,2433,2279691,937,641,362,1173,1076.92,114.93,2774,7698,46.7488197948885,16.4452011505751,6143
"臺北市南港區","南港里",5020,6496,63,6300900,"6300900-001","南港里","南港區","臺北市",1143,1789,362,34.7,54.31,10.99,6,2030,1959621,965,661,370,1190,1058.57,109.66,2719,6628,47.8535031847134,16.3773839039958,5338
"臺北市南港區","重陽里",5039,6515,63,6300900,"6300900-020","重陽里","南港區","臺北市",1094,1435,351,37.99,49.83,12.19,5,1818,3226696,1775,1065,524,2180,2484.49,139.98,2278,5472,44.7855621301775,14.6517742875314,4225
"臺北市南港區","新光里",5025,6501,63,6300900,"6300900-006","新光里","南港區","臺北市",930,1097,250,40.84,48.18,10.98,5,1300,1456349,1120,610,366,1108,9358.61,835.39,1495,3951,47.6411980440098,17.2821293437096,3272
"臺北市南港區","新富里",5022,6498,63,6300900,"6300900-003","新富里","南港區","臺北市",723,1326,245,31.52,57.8,10.68,6,1341,1180098,880,621,370,1073,899.3,102.19,1576,4275,47.2357771260997,17.0988366738331,3410
"臺北市南港區","萬福里",5031,6507,63,6300900,"6300900-012","萬福里","南港區","臺北市",1016,1282,318,38.84,49.01,12.16,5,1508,1560119,1035,669,382,1267,1447.73,139.94,1663,4337,48.6285008237232,17.5261032402262,3642
"臺北市南港區","聯成里",5034,6510,63,6300900,"6300900-015","聯成里","南港區","臺北市",1181,1493,335,39.25,49.62,11.13,5,1752,1625218,928,626,373,1119,1894.53,204.23,1998,5407,48.1558265582656,16.988415201417,4428
"臺北市南港區","鴻福里",5032,6508,63,6300900,"6300900-013","鴻福里","南港區","臺北市",1041,1422,289,37.83,51.67,10.5,6,1667,1767239,1060,691,382,1264,1529.18,144.24,1753,4893,47.575976125342,16.685528871939,4021
"臺北市南港區","舊莊里",5035,6511,63,6300900,"6300900-016","舊莊里","南港區","臺北市",1613,2813,606,32.05,55.9,12.04,6,2832,2399449,847,610,362,1040,883.68,104.3,3527,9833,46.1459314911499,16.4820295524466,7853
"臺北市萬華區","仁德里",4949,6425,63,6300700,"6300700-009","仁德里","萬華區","臺北市",997,1638,268,34.34,56.42,9.23,6,1719,1985518,1155,678,358,1388,1874.74,162.31,2139,4926,49.6614694070399,17.8403151649054,4233
"臺北市萬華區","日祥里",4973,6449,63,6300700,"6300700-033","日祥里","萬華區","臺北市",1692,1361,365,49.5,39.82,10.68,1,1619,1477957,913,607,354,1107,1743.03,190.94,2413,5760,50.7215216043002,18.0035939811345,4837
"臺北市萬華區","日善里",4960,6436,63,6300700,"6300700-020","日善里","萬華區","臺北市",682,1369,242,29.74,59.7,10.55,6,1117,936212,838,598,358,1009,987.73,117.85,1436,3942,47.6747739320237,16.7824335121669,3207
"臺北市萬華區","全德里",4966,6442,63,6300700,"6300700-026","全德里","萬華區","臺北市",820,1492,248,32.03,58.28,9.69,6,1264,1248644,988,650,375,1206,1434.6,145.22,1629,4571,47.8971962616822,17.0362736845837,3638
"臺北市萬華區","西門里",4943,6419,63,6300700,"6300700-003","西門里","萬華區","臺北市",769,1043,257,37.17,50.41,12.42,6,1275,1301569,1021,678,359,1154,3112.61,304.91,2012,3983,49.6164302600473,17.0082211945454,3384
"臺北市萬華區","孝德里",4963,6439,63,6300700,"6300700-023","孝德里","萬華區","臺北市",512,1355,240,24.3,64.31,11.39,7,992,779004,785,578,345,973,730.64,93.04,1284,3510,47.8915951972556,16.9132966466853,2915
"臺北市萬華區","和平里",4956,6432,63,6300700,"6300700-016","和平里","萬華區","臺北市",1069,2725,417,25.39,64.71,9.9,7,1903,1448564,761,576,350,972,672.6,88.36,2787,7203,48.5110204081633,17.2028023636514,6125
"臺北市萬華區","和德里",4964,6440,63,6300700,"6300700-024","和德里","萬華區","臺北市",1148,2514,408,28.21,61.77,10.02,7,1754,1349752,770,543,331,928,835.95,108.63,2794,7626,47.466515323496,17.1301962921145,6167
"臺北市萬華區","忠貞里",4974,6450,63,6300700,"6300700-034","忠貞里","萬華區","臺北市",1635,1054,301,54.68,35.25,10.07,2,1350,1063989,788,542,318,945,908.25,115.24,2307,5105,53.0434484335696,18.8344075085089,4373
"臺北市萬華區","忠德里",4962,6438,63,6300700,"6300700-022","忠德里","萬華區","臺北市",705,1629,254,27.24,62.94,9.81,7,1280,1087976,850,608,353,1070,1085.67,127.73,1726,4669,48.4598987476685,17.2231959815598,3753
"臺北市萬華區","青山里",4946,6422,63,6300700,"6300700-006","青山里","萬華區","臺北市",1035,2001,356,30.51,58.99,10.5,6,1546,1340544,867,573,326,1023,1081.35,124.71,2624,5987,49.3835403726708,17.0736332595951,5152
"臺北市萬華區","保德里",4967,6443,63,6300700,"6300700-027","保德里","萬華區","臺北市",668,1170,201,32.76,57.38,9.86,6,1065,1224364,1150,628,368,1191,2960.22,257.49,1294,3510,48.0477019498607,17.3632586912461,2872
"臺北市萬華區","柳鄉里",4959,6435,63,6300700,"6300700-019","柳鄉里","萬華區","臺北市",865,2012,321,27.05,62.91,10.04,7,1458,1081168,742,547,313,947,1009.21,136.1,2125,5619,48.8095238095238,17.337310778561,4746
"臺北市萬華區","凌霄里",4975,6451,63,6300700,"6300700-035","凌霄里","萬華區","臺北市",1069,925,285,46.91,40.59,12.51,1,1046,822021,786,588,347,963,729,92.76,1685,3955,49.9462044231919,17.6835292758483,3346
"臺北市萬華區","頂碩里",4951,6427,63,6300700,"6300700-011","頂碩里","萬華區","臺北市",1220,2874,416,27.05,63.73,9.22,7,2315,2054602,888,595,347,1074,1331.45,150.02,3020,7728,48.3228053878309,17.0798419729722,6459
"臺北市萬華區","富民里",4947,6423,63,6300700,"6300700-007","富民里","萬華區","臺北市",837,1890,265,27.97,63.17,8.86,7,1497,1261617,843,579,332,1030,1038.64,123.24,2253,5261,50.0770267235572,17.5437637621534,4453
"臺北市萬華區","富福里",4950,6426,63,6300700,"6300700-010","富福里","萬華區","臺北市",879,1846,245,29.6,62.15,8.25,7,1526,1610148,1055,618,343,1118,2755.42,261.14,3162,6354,50.53360891445,17.1358419799492,5564
"臺北市萬華區","菜園里",4945,6421,63,6300700,"6300700-005","菜園里","萬華區","臺北市",1121,2126,371,30.98,58.76,10.25,6,1906,1719625,902,607,335,1077,1159.11,128.47,2715,6392,48.9792871804441,17.1114297028195,5359
"臺北市萬華區","華中里",4972,6448,63,6300700,"6300700-032","華中里","萬華區","臺北市",1181,2297,337,30.96,60.21,8.83,7,1896,1570100,828,604,356,1077,892.33,107.75,2403,6520,48.8232351306281,17.3778239517565,5397
"臺北市萬華區","華江里",4958,6434,63,6300700,"6300700-018","華江里","萬華區","臺北市",1514,2971,523,30.23,59.33,10.44,6,2527,1977219,782,564,322,982,794.86,101.59,3266,8916,47.6403013182674,17.0963425760033,7434
"臺北市萬華區","新安里",4961,6437,63,6300700,"6300700-021","新安里","萬華區","臺北市",1546,1586,438,43.31,44.43,12.27,5,1730,1381724,799,568,344,964,950.71,119.03,2650,6460,49.1644362969753,17.7524452590314,5455
"臺北市萬華區","新和里",4954,6430,63,6300700,"6300700-014","新和里","萬華區","臺北市",3007,1631,582,57.61,31.25,11.15,2,2834,2599419,917,655,357,1163,1004.92,109.56,3494,8985,50.2384035945553,18.1012231016012,7567
"臺北市萬華區","新忠里",4953,6429,63,6300700,"6300700-013","新忠里","萬華區","臺北市",1313,578,220,62.2,27.38,10.42,3,1078,960010,891,605,367,1121,922.47,103.58,1575,3710,52.8915094339623,18.9806221173228,3180
"臺北市萬華區","新起里",4944,6420,63,6300700,"6300700-004","新起里","萬華區","臺北市",1238,2148,408,32.63,56.62,10.75,6,2303,2609419,1133,665,363,1215,3404.2,300.45,2986,6699,49.5177886292292,17.2692504696156,5734
"臺北市萬華區","萬壽里",4942,6418,63,6300700,"6300700-002","萬壽里","萬華區","臺北市",698,941,195,38.06,51.31,10.63,6,1118,1183321,1058,657,346,1201,1406.41,132.88,1905,3580,50.7625081221572,16.654043888944,3078
"臺北市萬華區","壽德里",4970,6446,63,6300700,"6300700-030","壽德里","萬華區","臺北市",1044,1771,289,33.63,57.06,9.31,6,1602,1513847,945,652,364,1171,1103.58,116.78,1990,5563,47.9017264276228,16.8681209088488,4518
"臺北市萬華區","榮德里",4969,6445,63,6300700,"6300700-029","榮德里","萬華區","臺北市",658,1356,227,29.36,60.51,10.13,7,987,780138,790,603,360,993,683.48,86.47,1388,3769,49.2783859868627,17.4171818108081,3197
"臺北市萬華區","福星里",4941,6417,63,6300700,"6300700-001","福星里","萬華區","臺北市",1191,1530,314,39.24,50.41,10.35,6,1626,1582758,973,620,341,1148,1345.31,138.21,2713,5766,50.2543364681296,17.3663065876723,4785
"臺北市萬華區","福音里",4948,6424,63,6300700,"6300700-008","福音里","萬華區","臺北市",636,1271,219,29.92,59.78,10.3,6,1153,1644829,1427,605,351,1053,9178.56,643.4,1462,3673,49.0146484375,17.5845829879693,3072
"臺北市萬華區","綠堤里",4957,6433,63,6300700,"6300700-017","綠堤里","萬華區","臺北市",848,1374,287,33.8,54.76,11.44,6,1034,689686,667,527,314,849,571.31,85.65,1767,4609,49.2122948684553,17.5539801539471,3839
"臺北市萬華區","銘德里",4968,6444,63,6300700,"6300700-028","銘德里","萬華區","臺北市",858,1758,270,29.73,60.91,9.36,7,1447,1217107,841,583,357,1039,824.04,97.97,1855,4938,48.0148346303502,16.8115708419822,4112
"臺北市萬華區","糖?里",4955,6431,63,6300700,"6300700-015","糖?里","萬華區","臺北市",1017,2018,309,30.41,60.35,9.24,7,1762,1539228,874,585,350,1065,1155.23,132.24,2238,5783,48.4924242424242,17.334443987071,4884
"臺北市萬華區","興德里",4971,6447,63,6300700,"6300700-031","興德里","萬華區","臺北市",838,1724,326,29.02,59.7,11.29,6,1208,972920,805,594,342,1020,866.78,107.62,1790,5212,47.5154639175258,16.8601916926258,4171
"臺北市萬華區","錦德里",4965,6441,63,6300700,"6300700-025","錦德里","萬華區","臺北市",969,2065,333,28.78,61.33,9.89,7,1648,1284311,779,563,335,949,770.28,98.84,2174,5832,48.0012297601968,17.2693715405246,4879
"臺北市萬華區","雙園里",4952,6428,63,6300700,"6300700-012","雙園里","萬華區","臺北市",772,1690,287,28.08,61.48,10.44,7,1482,1479342,998,628,376,1140,1592.57,159.54,1936,5032,48.0915245737212,17.0599685216746,3988
"臺北市萬華區","騰雲里",4976,6452,63,6300700,"6300700-036","騰雲里","萬華區","臺北市",860,833,215,45.07,43.66,11.27,1,1022,1032075,1010,623,353,1109,4176.17,413.54,1319,3191,49.2740384615385,17.1234848755312,2704
