區名,里名,納稅單位,綜合所得總額,平均數,中位數,第一分位數,第三分位數,標準差,變異係數,
松山區,中崙里,1428,1778251,1245,814,405,1495,1737.16,139.50,
松山區,自強里,3041,3791321,1247,792,400,1525,2432.25,195.09,
松山區,鵬程里,1818,2134178,1174,721,398,1452,1347.49,114.79,
松山區,東榮里,3044,5742098,1886,916,429,1984,6180.65,327.65,
松山區,介壽里,1585,2520578,1590,900,458,1836,3071.69,193.16,
松山區,東勢里,1625,2943966,1812,791,408,1601,18015.92,994.44,
松山區,東光里,2618,3441462,1315,781,392,1518,2167.10,164.86,
松山區,中正里,3459,6377730,1844,973,479,2006,5221.31,283.18,
松山區,復盛里,2226,2525657,1135,698,366,1304,2951.86,260.16,
松山區,復勢里,2238,2910288,1300,787,410,1599,1791.67,137.78,
松山區,美仁里,1219,1726227,1416,884,451,1721,1756.13,124.01,
松山區,吉仁里,1443,1937625,1343,747,405,1632,2190.50,163.13,
松山區,精忠里,1524,3553082,2331,922,454,1917,12086.40,518.41,
松山區,東昌里,997,10508881,10541,924,458,1832,251322.57,2384.35,
松山區,福成里,982,2261310,2303,923,429,1957,13438.39,583.58,
松山區,中華里,2307,5740424,2488,989,461,2129,19288.57,775.18,
松山區,吉祥里,3094,3930192,1270,755,394,1504,2076.06,163.44,
松山區,新東里,1758,1947013,1108,726,391,1384,1457.54,131.60,
松山區,三民里,2531,3625776,1433,791,406,1547,3348.32,233.73,
松山區,復建里,1515,1988740,1313,860,431,1678,1450.34,110.48,
松山區,敦化里,2557,3660836,1432,873,449,1630,3587.02,250.54,
松山區,安平里,2666,2536463,951,658,364,1203,1055.83,110.97,
松山區,富錦里,1819,2498191,1373,751,401,1474,4404.10,320.67,
松山區,莊敬里,1678,1459775,870,617,362,1129,870.04,100.01,
松山區,新益里,1686,1758843,1043,702,384,1314,1146.48,109.90,
松山區,富泰里,1651,2105841,1275,802,413,1530,2319.41,181.84,
松山區,龍田里,3512,4999723,1424,943,457,1764,2103.00,147.72,
松山區,慈祐里,2188,1935680,885,604,345,1062,984.16,111.24,
松山區,復源里,1104,1602891,1452,758,403,1471,7734.68,532.73,
松山區,民福里,2209,2394167,1084,718,382,1352,1495.69,138.00,
松山區,松基里,1414,2573574,1820,798,390,1733,5486.23,301.43,
松山區,新聚里,2845,3226944,1134,717,380,1326,2795.20,246.44,
松山區,民有里,3362,6066205,1804,842,417,1765,5761.23,319.30,
大安區,建安里,2004,3382422,1688,825,397,1745,4276.79,253.39,
大安區,通安里,1922,2218396,1154,672,357,1350,2206.32,191.15,
大安區,民輝里,2674,7794976,2915,928,415,2068,13427.65,460.62,
大安區,德安里,2093,4027120,1924,886,437,1924,4491.74,233.45,
大安區,敦安里,2380,4975355,2090,945,448,2063,5090.12,243.49,
大安區,光明里,1260,2608664,2070,891,424,1971,9029.44,436.13,
大安區,永康里,1297,2019456,1557,861,438,1816,2392.27,153.64,
大安區,福住里,2250,4422341,1965,1020,462,2045,5854.64,297.87,
大安區,仁愛里,2201,7767664,3529,965,423,2265,32112.60,909.92,
大安區,義村里,2152,2685435,1248,747,383,1482,1869.08,149.78,
大安區,臥龍里,683,1092508,1600,851,451,1584,5133.73,320.94,
大安區,通化里,2026,2223415,1097,660,360,1249,2130.52,194.14,
大安區,龍生里,2347,3902437,1663,923,447,1962,3369.57,202.65,
大安區,新龍里,2333,3357751,1439,884,450,1779,2104.63,146.23,
大安區,住安里,1729,2531993,1464,737,394,1385,4419.80,301.81,
大安區,錦泰里,1473,2640969,1793,886,419,1807,13929.98,776.94,
大安區,建倫里,2402,4928263,2052,902,427,2024,5371.54,261.81,
大安區,錦華里,1875,2805080,1496,975,455,1869,2448.97,163.70,
大安區,光武里,2918,4776356,1637,794,394,1605,8124.53,496.35,
大安區,仁慈里,1994,4562363,2288,1003,483,2116,7483.05,327.05,
大安區,黎孝里,2602,2724290,1047,694,373,1306,1302.31,124.39,
大安區,民炤里,3134,7270916,2320,948,415,2016,8799.89,379.30,
大安區,昌隆里,1226,1933643,1577,843,402,1746,2998.43,190.11,
大安區,黎和里,1625,1683709,1036,698,395,1323,1061.22,102.42,
大安區,龍雲里,1791,3790323,2116,895,420,1924,13787.36,651.48,
大安區,芳和里,1938,2168227,1119,706,378,1313,1662.67,148.61,
大安區,龍安里,2257,4583967,2031,1021,460,2113,5049.16,248.60,
大安區,義安里,2055,5916515,2879,952,456,2138,14381.18,499.51,
大安區,虎嘯里,1413,2204287,1560,811,409,1698,2712.73,173.89,
大安區,龍淵里,3165,5119696,1618,943,448,1845,5326.96,329.31,
大安區,龍坡里,2137,3476316,1627,971,471,2025,2619.68,161.04,
大安區,龍門里,1592,3379409,2123,1053,466,2176,5797.74,273.12,
大安區,敦煌里,2338,3959156,1693,915,430,1863,2987.80,176.44,
大安區,羣賢里,2291,3690015,1611,790,393,1715,3874.07,240.53,
大安區,車層里,2532,4942273,1952,883,407,1936,5152.38,263.96,
大安區,光信里,2776,4481715,1614,844,411,1738,3944.05,244.30,
大安區,和安里,2379,9292782,3906,1036,472,2087,41738.43,1068.53,
大安區,正聲里,1836,3275186,1784,809,403,1808,4541.17,254.57,
大安區,誠安里,1560,2162076,1386,720,377,1376,7867.20,567.64,
大安區,華聲里,1575,2593961,1647,783,397,1729,5331.31,323.71,
大安區,臨江里,1293,1208997,935,635,359,1188,1004.45,107.42,
大安區,龍陣里,1306,2129761,1631,892,455,1788,3307.11,202.80,
大安區,龍圖里,2534,4054121,1600,859,433,1754,2931.61,183.24,
大安區,古莊里,2527,3566605,1411,858,440,1730,2342.83,165.99,
大安區,錦安里,2128,4463029,2097,1052,472,2133,10849.22,517.30,
大安區,大學里,3125,4935928,1579,947,450,1852,2978.34,188.56,
大安區,古風里,1542,2454882,1592,900,405,1796,3384.60,212.60,
大安區,全安里,1768,3583627,2027,839,426,1849,6190.09,305.39,
大安區,黎元里,1653,1367334,827,601,358,1053,847.89,102.50,
大安區,法治里,1622,2220031,1369,772,408,1598,2201.86,160.87,
大安區,龍泉里,1716,2417893,1409,855,411,1728,2560.77,181.74,
大安區,羣英里,2452,2973164,1213,770,384,1566,1967.29,162.24,
大安區,學府里,811,969783,1196,706,370,1507,1348.28,112.75,
中正區,南門里,924,1487666,1610,837,430,1740,4240.84,263.40,
中正區,龍興里,1172,1332372,1137,787,394,1430,1598.84,140.64,
中正區,愛國里,1114,1361754,1222,750,396,1416,1921.37,157.18,
中正區,龍光里,1184,1599994,1351,873,443,1640,2055.49,152.11,
中正區,河堤里,1626,1859090,1143,767,401,1452,1316.08,115.11,
中正區,龍福里,2117,2680093,1266,889,434,1651,1474.85,116.50,
中正區,螢雪里,1493,1406285,942,622,360,1205,1030.36,109.39,
中正區,永昌里,1458,1263040,866,578,350,1063,1330.16,153.55,
中正區,文盛里,968,1245650,1287,841,408,1617,1465.67,113.90,
中正區,忠勤里,1686,1164513,691,523,312,854,629.15,91.09,
中正區,永功里,2005,2146164,1070,686,391,1274,1833.62,171.30,
中正區,螢圃里,1882,2097353,1114,677,365,1290,1808.24,162.26,
中正區,幸市里,1768,3897877,2205,880,432,1943,6098.05,276.60,
中正區,文祥里,2625,4092032,1559,991,460,1964,1993.60,127.89,
中正區,黎明里,1076,1650318,1534,784,423,1537,5537.39,361.04,
中正區,建國里,463,728053,1572,927,416,1854,2410.21,153.28,
中正區,光復里,1228,1831571,1492,719,383,1445,3640.18,244.06,
中正區,東門里,1412,5226391,3701,852,421,1868,74334.28,2008.27,
中正區,板溪里,1162,1286504,1107,746,398,1420,1187.79,107.28,
中正區,文北里,2083,4983937,2393,964,443,2090,9753.11,407.62,
中正區,梅花里,1286,1791276,1393,783,408,1561,2787.81,200.14,
中正區,廈安里,1242,1454113,1171,748,418,1468,1404.57,119.97,
中正區,網溪里,2020,2368649,1173,730,373,1425,1605.28,136.90,
中正區,林興里,1470,1758773,1196,729,381,1409,1779.60,148.74,
中正區,幸福里,1675,2360643,1409,802,413,1665,2258.80,160.27,
中正區,水源里,1022,1082277,1059,709,382,1260,1406.04,132.77,
中正區,富水里,778,940933,1209,681,364,1428,1534.42,126.87,
中正區,頂東里,2191,2617728,1195,755,398,1460,1669.09,139.70,
中正區,新營里,2929,4869834,1663,1043,472,2013,3072.02,184.77,
中正區,南福里,3270,4948949,1513,956,478,1875,2247.28,148.49,
中正區,三愛里,2968,5895672,1986,903,431,1901,16698.75,840.65,
萬華區,柳鄉里,1347,993112,737,534,330,880,905.27,122.79,
萬華區,雙園里,1360,1308244,962,598,336,1061,1609.80,167.35,
萬華區,糖?里,1660,1436381,865,579,343,1011,1203.65,139.10,
萬華區,西門里,1199,1115568,930,589,343,1017,2110.42,226.83,
萬華區,仁德里,1587,1697686,1070,630,361,1304,1502.70,140.47,
萬華區,新起里,2222,2452571,1104,628,344,1150,3189.18,288.94,
萬華區,日善里,1062,841985,793,568,345,1011,784.21,98.91,
萬華區,菜園里,1795,1490985,831,562,320,988,1109.20,133.54,
萬華區,頂碩里,2197,1830247,833,587,346,1006,1030.19,123.66,
萬華區,福音里,1066,1271053,1192,602,344,1010,7442.10,624.15,
萬華區,華中里,1750,1436046,821,586,352,992,1048.00,127.71,
萬華區,青山里,1433,1188428,829,569,338,980,964.97,116.36,
萬華區,新和里,2369,2155997,910,646,365,1165,922.07,101.32,
萬華區,新安里,1616,1219112,754,531,327,939,782.57,103.73,
萬華區,富民里,1448,1156627,799,547,325,978,911.92,114.16,
萬華區,富福里,1429,1504836,1053,574,332,1050,3059.70,290.55,
萬華區,綠堤里,981,644503,657,498,312,822,593.56,90.35,
萬華區,忠貞里,1233,960406,779,570,339,976,771.54,99.05,
萬華區,日祥里,1509,1267671,840,596,350,1017,844.63,100.54,
萬華區,忠德里,1246,978953,786,560,337,981,779.20,99.18,
萬華區,孝德里,942,697534,740,553,345,910,675.52,91.23,
萬華區,保德里,879,757947,862,569,343,1003,1452.42,168.44,
萬華區,全德里,1240,1117237,901,625,372,1076,1269.26,140.87,
萬華區,興德里,1104,847295,767,573,332,951,753.44,98.17,
萬華區,壽德里,1516,1280831,845,603,349,1065,821.62,97.25,
萬華區,凌霄里,953,674382,708,568,327,901,586.65,82.90,
萬華區,和平里,1811,1289020,712,534,334,892,657.37,92.36,
萬華區,騰雲里,949,887746,935,595,350,1049,2684.24,286.95,
萬華區,榮德里,927,701369,757,551,328,927,707.73,93.54,
萬華區,福星里,1449,1376451,950,588,338,1018,1500.03,157.91,
萬華區,和德里,1586,1159795,731,534,326,896,812.44,111.10,
萬華區,萬壽里,1024,1032703,1008,617,312,1109,1437.92,142.58,
萬華區,銘德里,1325,1093082,825,608,362,1010,760.01,92.13,
萬華區,華江里,2343,1807593,771,556,325,920,836.91,108.48,
萬華區,錦德里,1510,1193703,791,575,324,976,813.90,102.96,
萬華區,新忠里,834,681666,817,571,352,1015,763.54,93.42,
大同區,建泰里,1310,1414169,1080,675,386,1182,1634.38,151.40,
大同區,建明里,1178,1520100,1290,613,338,1174,4896.70,379.47,
大同區,雙連里,2838,2528997,891,612,350,1100,1163.28,130.54,
大同區,建功里,1423,1315329,924,583,337,1075,1686.52,182.46,
大同區,景星里,703,504823,718,535,324,870,668.26,93.06,
大同區,星明里,1831,1978180,1080,665,373,1186,1812.04,167.72,
大同區,朝陽里,1364,1595668,1170,621,324,1156,3120.37,266.73,
大同區,大有里,1670,1736029,1040,607,328,1132,1761.05,169.41,
大同區,斯文里,1600,1524189,953,568,339,1019,2222.23,233.28,
大同區,揚雅里,1054,947798,899,580,356,1074,1104.37,122.81,
大同區,國順里,794,565548,712,540,320,870,705.34,99.03,
大同區,國慶里,1442,1538773,1067,657,366,1283,2106.07,197.36,
大同區,隆和里,923,841390,912,596,350,1045,1149.25,126.07,
大同區,南芳里,1207,1070750,887,578,322,1055,1091.81,123.07,
大同區,鄰江里,1943,1583692,815,557,323,988,975.46,119.68,
大同區,玉泉里,1088,1160660,1067,662,371,1177,1643.88,154.10,
大同區,光能里,1590,1424108,896,601,358,1067,1171.36,130.78,
大同區,重慶里,2150,2309605,1074,668,385,1249,2528.16,235.35,
大同區,至聖里,2495,2265181,908,604,342,1075,1348.75,148.56,
大同區,老師里,1723,1396077,810,574,346,983,942.61,116.33,
大同區,蓬萊里,1567,1516195,968,600,350,1158,1567.20,161.97,
大同區,民權里,1914,2046676,1069,684,373,1272,1735.77,162.32,
大同區,文昌里,10,4297,430,379,190,632,329.08,76.59,
大同區,延平里,1247,1135504,911,563,313,1038,1543.82,169.54,
大同區,永樂里,1920,3290413,1714,618,340,1233,10119.56,590.49,
大同區,保安里,1235,1223461,991,583,347,1036,3060.41,308.93,
中山區,聚盛里,1270,1211345,954,596,337,1031,1876.12,196.70,
中山區,大佳里,284,207447,730,504,305,899,795.23,108.87,
中山區,恆安里,1443,1799017,1247,638,356,1171,6814.76,546.62,
中山區,集英里,2182,2556298,1172,637,358,1200,4948.47,422.39,
中山區,正守里,1180,1365071,1157,674,378,1332,1665.70,143.99,
中山區,正義里,1524,1406464,923,598,334,1054,1365.32,147.94,
中山區,新生里,1570,1436098,915,606,346,1111,1029.14,112.51,
中山區,松江里,2325,11195034,4815,743,387,1443,70947.15,1473.44,
中山區,江山里,2778,3345830,1204,719,379,1384,2114.06,175.53,
中山區,中山里,2100,2012399,958,604,333,1072,1814.05,189.30,
中山區,成功里,2365,6420238,2715,1191,538,2532,6841.12,252.00,
中山區,下埤里,2690,2961718,1101,680,372,1245,2318.41,210.57,
中山區,中原里,1769,1984084,1122,685,366,1317,1989.51,177.38,
中山區,新庄里,1579,1330386,843,592,334,1041,1054.75,125.19,
中山區,江寧里,2565,3265860,1273,740,375,1495,2052.79,161.23,
中山區,復華里,1697,2641807,1557,792,407,1700,2830.75,181.84,
中山區,興亞里,1984,2622076,1322,708,377,1441,2687.52,203.35,
中山區,朱園里,1664,3219750,1935,775,410,1518,6161.55,318.44,
中山區,中央里,1256,1368827,1090,697,355,1247,1941.42,178.14,
中山區,新福里,1685,1897604,1126,622,334,1085,8326.82,739.39,
中山區,中庄里,1672,1636470,979,608,331,1133,1554.25,158.80,
中山區,康樂里,899,1057515,1176,703,365,1352,2768.47,235.35,
中山區,行政里,1943,1886547,971,630,342,1131,1992.06,205.17,
中山區,聚葉里,1266,1322535,1045,619,343,1168,2009.53,192.36,
中山區,正得里,1321,1888634,1430,676,344,1321,6004.34,419.97,
中山區,中吉里,1991,2877179,1445,747,390,1456,5578.23,386.01,
中山區,新喜里,1754,1762046,1005,629,356,1121,2663.21,265.10,
中山區,埤頭里,1278,1276384,999,655,369,1200,1348.09,134.98,
中山區,大直里,3304,3983103,1206,743,400,1478,2172.11,180.18,
中山區,劍潭里,1133,1229227,1085,694,392,1231,1850.11,170.53,
中山區,力行里,2259,4399614,1948,783,408,1561,7053.16,362.15,
中山區,朱崙里,1133,1402925,1238,702,363,1428,1869.26,150.96,
中山區,晴光里,1708,2386774,1397,659,350,1274,6389.82,457.26,
中山區,永安里,3419,7479487,2188,1066,475,2247,4284.06,195.83,
中山區,圓山里,1364,1421168,1042,597,334,1107,3555.34,341.23,
中山區,民安里,1712,2157004,1260,645,343,1299,2945.73,233.80,
中山區,行孝里,1278,1091177,854,642,376,1081,814.04,95.34,
中山區,龍洲里,1796,2199375,1225,721,376,1386,2204.77,180.04,
中山區,行仁里,2528,2137849,846,600,350,1057,891.31,105.40,
中山區,朱馥里,2009,2172317,1081,652,360,1234,1673.07,154.73,
中山區,金泰里,2498,5976881,2393,951,469,1917,10190.13,425.89,
中山區,北安里,917,1075456,1173,715,378,1396,1858.74,158.49,
文山區,景美里,1708,1980202,1159,750,413,1417,1340.53,115.63,
文山區,景行里,1930,1991598,1032,689,377,1277,1219.45,118.17,
文山區,景仁里,1598,1792597,1122,756,403,1436,1206.54,107.56,
文山區,萬有里,1761,2043950,1161,767,412,1487,1389.30,119.70,
文山區,景慶里,2041,2063045,1011,674,372,1253,1201.31,118.85,
文山區,萬隆里,2437,2895697,1188,755,401,1526,2175.31,183.07,
文山區,萬祥里,1550,1610411,1039,721,400,1392,1181.37,113.71,
文山區,萬年里,1806,2216371,1227,731,369,1411,3994.59,325.50,
文山區,萬盛里,1600,1745952,1091,761,399,1400,1235.15,113.19,
文山區,萬和里,889,940442,1058,741,379,1286,1177.41,111.30,
文山區,興福里,1825,1889536,1035,700,398,1318,1160.85,112.12,
文山區,興得里,1898,1946627,1026,683,380,1282,1292.89,126.06,
文山區,興豐里,1684,2083407,1237,783,447,1548,1660.17,134.19,
文山區,興旺里,2620,2539902,969,709,413,1223,990.76,102.20,
文山區,興光里,1090,1223284,1122,690,391,1319,1476.39,131.55,
文山區,興安里,2157,2790422,1294,796,424,1570,1802.99,139.37,
文山區,興昌里,2364,3336451,1411,831,435,1659,2156.97,152.83,
文山區,興泰里,1299,1399970,1078,722,403,1337,1123.31,104.23,
文山區,興業里,1845,2010174,1090,721,403,1362,1546.64,141.96,
文山區,景東里,2224,2403966,1081,730,397,1359,1290.88,119.42,
文山區,景華里,1909,2064255,1081,723,393,1366,1405.93,130.02,
文山區,興家里,2360,2262688,959,665,388,1194,1279.53,133.46,
文山區,萬芳里,2638,2928207,1110,733,412,1358,1465.68,132.04,
文山區,木柵里,2795,3951140,1414,804,403,1583,4220.25,298.54,
文山區,博嘉里,1687,2230091,1322,735,412,1389,6118.11,462.82,
文山區,樟腳里,1874,2362085,1260,720,404,1479,1872.49,148.56,
文山區,老泉里,180,133347,741,510,325,843,797.13,107.60,
文山區,木新里,2685,2498520,931,630,362,1151,949.38,102.02,
文山區,指南里,933,1012741,1085,677,382,1344,1171.40,107.92,
文山區,華興里,2726,3608318,1324,801,418,1584,1773.57,133.99,
文山區,順興里,2240,2153578,961,644,382,1195,1195.28,124.32,
文山區,萬興里,2742,4245344,1548,884,454,1815,2854.68,184.38,
文山區,明興里,2221,2362407,1064,755,428,1340,1089.45,102.42,
文山區,明義里,867,909703,1049,573,329,1166,1724.07,164.31,
文山區,試院里,2242,2553429,1139,752,403,1388,2925.57,256.88,
文山區,樟新里,2042,2660579,1303,799,446,1502,2047.22,157.12,
文山區,樟林里,2778,2886302,1039,712,397,1295,1304.29,125.53,
文山區,忠順里,1242,1632928,1315,802,424,1578,2444.53,185.93,
文山區,萬美里,2177,3040793,1397,752,390,1574,3120.71,223.42,
文山區,興邦里,1328,1344226,1012,730,390,1288,1061.30,104.85,
文山區,樟樹里,1266,1244018,983,669,384,1209,1103.04,112.25,
文山區,政大里,1919,3435628,1790,1210,553,2242,2302.17,128.59,
文山區,樟文里,1716,1610103,938,660,375,1185,940.81,100.27,
南港區,南港里,1879,1630264,868,608,362,1103,836.64,96.43,
南港區,三重里,1528,1889465,1237,743,399,1423,1730.71,139.96,
南港區,新富里,1173,978408,834,596,370,1003,822.74,98.64,
南港區,中研里,2983,3103708,1040,680,393,1280,1338.55,128.65,
南港區,鴻福里,1556,1522334,978,676,383,1176,1160.62,118.63,
南港區,東新里,2317,2245064,969,637,380,1125,2304.76,237.86,
南港區,西新里,1552,1227580,791,577,325,994,824.35,104.22,
南港區,新光里,1246,1106899,888,610,359,1080,1035.68,116.58,
南港區,百福里,1611,1276156,792,600,353,998,708.59,89.45,
南港區,玉成里,1580,1341310,849,575,338,1048,1131.20,133.25,
南港區,成福里,2158,1885897,874,603,353,1087,985.35,112.75,
南港區,中南里,1172,870245,743,556,336,921,677.90,91.30,
南港區,舊庄里,2693,2085850,775,587,362,955,699.83,90.35,
南港區,九如里,1854,1575298,850,607,352,1074,858.97,101.09,
南港區,東明里,1737,1910135,1100,705,392,1308,1321.64,120.18,
南港區,合成里,2280,2681441,1176,681,375,1255,2214.47,188.29,
南港區,聯成里,1688,1463094,867,624,356,1100,815.58,94.10,
南港區,萬福里,1444,1413397,979,634,374,1150,1235.70,126.25,
南港區,仁福里,1688,1629398,965,680,402,1256,922.05,95.52,
南港區,重陽里,1562,2423452,1552,967,497,1866,1909.09,123.05,
內湖區,紫陽里,2754,3219614,1169,727,395,1437,2126.21,181.87,
內湖區,紫星里,2641,2634231,997,652,367,1218,1292.64,129.60,
內湖區,湖興里,2767,3301949,1193,750,416,1346,2156.34,180.70,
內湖區,大湖里,2012,3498982,1739,935,469,1735,6094.97,350.48,
內湖區,紫雲里,1742,1798532,1032,704,394,1274,1270.38,123.04,
內湖區,瑞陽里,2546,3027531,1189,759,422,1437,1518.72,127.72,
內湖區,清白里,2935,4471364,1523,923,469,1866,1992.70,130.80,
內湖區,港墘里,2032,2381450,1172,755,416,1420,1570.62,134.01,
內湖區,西湖里,2528,2554358,1010,648,389,1146,3561.79,352.50,
內湖區,石潭里,1040,1341701,1290,763,426,1461,2046.89,158.66,
內湖區,葫洲里,2665,4042391,1517,952,475,1855,2215.54,146.06,
內湖區,五分里,3073,2756577,897,666,387,1117,871.60,97.16,
內湖區,內湖里,2120,2454402,1158,747,400,1395,1706.34,147.39,
內湖區,週美里,2231,2788040,1250,709,388,1409,2548.31,203.92,
內湖區,內溝里,1469,1448414,986,666,385,1211,1107.28,112.30,
內湖區,碧山里,2144,2215667,1033,691,377,1278,1141.55,110.46,
內湖區,瑞光里,1553,1577712,1016,692,384,1286,1252.12,123.25,
內湖區,金龍里,1740,1642989,944,644,398,1185,1408.26,149.14,
內湖區,行善里,2063,1823985,884,614,372,1093,960.37,108.62,
內湖區,湖濱里,2705,4242105,1568,849,415,1683,4687.40,298.89,
內湖區,東湖里,2633,2392108,909,648,375,1137,976.30,107.46,
內湖區,樂康里,2634,2300610,873,645,388,1105,843.44,96.57,
內湖區,西安里,2357,2654326,1126,737,406,1346,1583.07,140.57,
內湖區,西康里,3147,4253867,1352,770,406,1505,3456.27,255.69,
內湖區,港富里,2958,3322884,1123,683,385,1345,1775.75,158.08,
內湖區,港華里,2912,3313584,1138,696,397,1289,2092.40,183.88,
內湖區,港都里,1883,2199169,1168,689,405,1320,2123.84,181.85,
內湖區,金瑞里,2215,2220808,1003,670,381,1201,1355.28,135.17,
內湖區,湖元里,1912,2287173,1196,714,387,1339,1913.09,159.93,
內湖區,安湖里,2314,2686090,1161,729,402,1359,2076.54,178.89,
內湖區,秀湖里,2180,3626579,1664,889,428,1819,2899.17,174.27,
內湖區,安泰里,1613,1384485,858,617,364,1111,969.61,112.96,
內湖區,金湖里,3178,7388450,2325,1247,580,2632,5022.66,216.04,
內湖區,康寧里,2619,3157658,1206,809,437,1517,1625.55,134.83,
內湖區,明湖里,1489,1452184,975,668,383,1219,1202.10,123.26,
內湖區,蘆洲里,343,258384,753,528,337,824,1086.60,144.24,
內湖區,麗山里,1798,1926312,1071,676,405,1270,1429.88,133.46,
內湖區,寶湖里,2304,4346038,1886,1062,517,2143,2811.03,149.02,
內湖區,南湖里,1486,2409471,1621,1050,521,2120,1911.50,117.89,
士林區,仁勇里,1203,1269444,1055,612,349,1162,2537.94,240.51,
士林區,福林里,926,1244801,1344,670,372,1282,7486.12,556.89,
士林區,福志里,2725,3514452,1290,743,389,1450,3848.99,298.44,
士林區,福德里,1520,1728519,1137,704,383,1392,1340.50,117.88,
士林區,福佳里,2570,3288918,1280,689,386,1356,3133.23,244.83,
士林區,舊佳里,2034,2350067,1155,636,341,1253,4965.48,429.77,
士林區,富光里,1619,1219691,753,563,337,914,755.18,100.24,
士林區,後港里,2552,2522432,988,637,368,1196,1369.56,138.56,
士林區,前港里,1427,1494233,1047,654,360,1180,1789.18,170.87,
士林區,福中里,2131,1988489,933,642,360,1138,1211.25,129.81,
士林區,葫蘆里,2230,1755718,787,585,345,1000,796.12,101.12,
士林區,福順里,1568,1245056,794,575,351,932,976.85,123.02,
士林區,葫東里,1160,903981,779,570,324,950,893.26,114.62,
士林區,社新里,2401,1803590,751,563,345,924,852.77,113.52,
士林區,社子里,1889,1569954,831,586,360,976,1298.34,156.22,
士林區,永倫里,2186,1577485,722,549,337,908,650.56,90.15,
士林區,翠山里,1027,1371406,1335,771,382,1520,2260.21,169.26,
士林區,福安里,1071,753642,704,531,322,852,655.05,93.09,
士林區,富洲里,1396,971616,696,537,332,859,624.57,89.74,
士林區,承德里,1943,2187419,1126,694,389,1241,2429.99,215.85,
士林區,蘭雅里,3019,3779244,1252,704,374,1359,2873.53,229.55,
士林區,德行里,1485,1514731,1020,659,344,1172,1478.14,144.91,
士林區,忠誠里,1937,3144005,1623,739,395,1490,5172.72,318.69,
士林區,三玉里,2133,3216325,1508,741,416,1476,3851.47,255.42,
士林區,芝山里,2610,5347743,2049,716,380,1477,16587.91,809.58,
士林區,岩山里,1125,1370144,1218,658,363,1295,2274.93,186.79,
士林區,義信里,1015,1112862,1096,672,361,1239,1519.17,138.56,
士林區,永福里,439,1876725,4275,799,439,1845,15600.25,364.92,
士林區,新安里,708,2813602,3974,681,367,1373,29419.21,740.29,
士林區,公館里,383,711779,1858,655,376,1084,7004.46,376.90,
士林區,陽明里,982,1752049,1784,737,382,1476,4557.85,255.46,
士林區,菁山里,421,948633,2253,610,383,1017,25023.85,1110.55,
士林區,平等里,362,499373,1379,544,342,899,10247.48,742.85,
士林區,溪山里,348,726732,2088,571,336,933,19526.65,935.05,
士林區,百齡里,2312,1889137,817,613,350,1052,776.21,95.00,
士林區,天玉里,3064,5196131,1696,810,419,1667,4560.72,268.93,
士林區,天福里,2147,2900926,1351,742,393,1429,3676.51,272.10,
士林區,天祿里,1824,2293255,1257,714,387,1372,2274.91,180.94,
士林區,天壽里,1795,4784718,2666,893,447,1824,33345.22,1250.96,
士林區,東山里,1621,2574770,1588,754,412,1474,5716.30,359.88,
士林區,福華里,1815,1420776,783,559,319,975,942.65,120.42,
士林區,聖山里,1737,2344430,1350,729,407,1491,2960.69,219.36,
士林區,天和里,2663,4751616,1784,808,408,1716,8037.25,450.44,
士林區,明勝里,1609,1530171,951,640,358,1179,1122.62,118.05,
士林區,社園里,2071,1521228,735,541,348,882,716.79,97.58,
士林區,蘭興里,2278,3111714,1366,745,406,1511,2596.04,190.05,
士林區,天母里,2384,5297451,2222,843,402,1866,9587.54,431.47,
士林區,名山里,2509,3237039,1290,757,398,1490,2100.51,162.81,
士林區,德華里,1797,1911258,1064,688,361,1199,3820.40,359.20,
士林區,天山里,2430,3863239,1590,800,387,1615,10090.95,634.73,
士林區,臨溪里,1064,2236054,2102,842,413,1851,4352.23,207.10,
北投區,湖山里,528,873979,1655,606,340,1143,12208.72,737.57,
北投區,永欣里,2805,5504442,1962,1030,473,2294,3440.63,175.33,
北投區,泉源里,639,628189,983,549,333,1030,2219.41,225.76,
北投區,一德里,1980,1900497,960,588,342,1076,2314.07,241.09,
北投區,關渡里,3236,3108605,961,620,359,1121,1365.91,142.19,
北投區,桃源里,1759,1503502,855,573,339,1036,1402.22,164.05,
北投區,文化里,1301,1357044,1043,773,410,1366,1087.72,104.28,
北投區,永和里,2975,4881372,1641,791,407,1589,5212.05,317.65,
北投區,立農里,2746,2520548,918,631,363,1191,932.91,101.64,
北投區,清江里,2538,2164136,853,591,343,1048,1057.60,124.03,
北投區,八仙里,1707,1815252,1063,668,380,1252,1649.00,155.07,
北投區,洲美里,590,455885,773,548,349,951,735.61,95.20,
北投區,中和里,1634,1616464,989,644,358,1175,1250.88,126.45,
北投區,開明里,1988,2492113,1254,650,367,1227,5598.98,446.64,
北投區,長安里,1813,1615387,891,582,343,1040,1260.26,141.44,
北投區,大同里,1822,1888966,1037,632,343,1219,1422.36,137.19,
北投區,福興里,2234,2161487,968,646,372,1234,1017.87,105.20,
北投區,石牌里,1809,1671918,924,630,364,1144,913.77,98.87,
北投區,奇岩里,3084,4287321,1390,663,356,1318,6121.60,440.35,
北投區,稻香里,1516,1340777,884,594,340,1056,1164.35,131.65,
北投區,中央里,2715,2877067,1060,667,376,1236,1997.70,188.52,
北投區,溫泉里,2112,2077904,984,618,347,1153,1633.33,166.01,
北投區,立賢里,1690,1500928,888,615,349,1114,964.25,108.57,
北投區,中心里,2001,2341366,1170,646,369,1273,2262.21,193.34,
北投區,智仁里,1792,1518443,847,622,364,1037,861.10,101.62,
北投區,吉利里,2142,2124479,992,682,394,1266,1178.85,118.86,
北投區,尊賢里,1469,1324690,902,658,383,1112,935.25,103.71,
北投區,東華里,1410,1469419,1042,680,377,1254,1482.50,142.26,
北投區,吉慶里,1638,1613212,985,686,386,1291,993.55,100.88,
北投區,中庸里,1325,1218918,920,607,350,1091,1378.30,149.83,
北投區,秀山里,980,821151,838,576,358,983,1005.01,119.94,
北投區,建民里,1287,1360770,1057,666,373,1263,1409.97,133.35,
北投區,榮光里,2210,2090822,946,643,365,1135,1339.49,141.58,
北投區,裕民里,2519,3151140,1251,706,383,1371,1904.91,152.28,
北投區,振華里,2608,3037600,1165,694,376,1341,2161.97,185.62,
北投區,榮華里,2736,4438173,1622,822,409,1627,6256.00,385.66,
北投區,豐年里,1352,1079626,799,563,343,1015,787.53,98.62,
北投區,林泉里,957,853451,892,608,352,1048,1689.15,189.41,
北投區,永明里,1527,1757037,1151,768,424,1477,1237.34,107.53,
北投區,文林里,1472,1636374,1112,694,376,1331,1517.21,136.48,
北投區,大屯里,345,488774,1417,546,361,1094,4390.49,309.90,
北投區,湖田里,239,227125,950,557,323,995,1764.69,185.70,
信義區,松友里,2234,2167080,970,689,393,1225,985.10,101.55,
信義區,六藝里,1135,1035557,912,659,371,1157,892.87,97.86,
信義區,中興里,1269,1599272,1260,764,371,1457,2081.17,165.14,
信義區,永吉里,938,709967,757,554,317,936,765.98,101.20,
信義區,敦厚里,1891,2020761,1069,735,406,1357,1139.62,106.64,
信義區,大道里,2159,2129449,986,642,367,1241,1196.48,121.31,
信義區,安康里,3662,13148485,3591,972,477,2136,19861.62,553.17,
信義區,嘉興里,1152,1104332,959,645,363,1188,1189.35,124.07,
信義區,五全里,1728,1731188,1002,645,356,1193,1712.26,170.91,
信義區,新仁里,1247,1794693,1439,862,437,1696,2790.25,193.87,
信義區,正和里,1639,2232694,1362,824,408,1625,2096.07,153.87,
信義區,惠安里,2125,2015735,949,650,382,1208,983.52,103.68,
信義區,三犁里,1831,3904288,2132,812,397,1713,8375.14,392.77,
信義區,六合里,2327,3770725,1620,790,427,1581,7379.42,455.40,
信義區,泰和里,2492,2263663,908,624,364,1127,1045.66,115.11,
信義區,西村里,1617,1828500,1131,725,387,1423,1624.36,143.65,
信義區,興隆里,1003,5871562,5854,825,415,1948,92479.15,1579.76,
信義區,景新里,1840,4862326,2643,812,412,1754,12573.83,475.82,
信義區,景聯里,1672,1876939,1123,726,389,1399,1401.38,124.84,
信義區,景勤里,1296,1158913,894,623,356,1154,971.88,108.68,
信義區,黎順里,1329,1345107,1012,652,367,1342,1051.83,103.92,
信義區,黎平里,2400,2478303,1033,703,395,1305,1125.24,108.97,
信義區,黎忠里,1534,1412603,921,646,386,1174,894.97,97.19,
信義區,松隆里,641,484868,756,541,329,913,758.39,100.26,
信義區,中坡里,1493,1452783,973,621,368,1105,1590.29,163.43,
信義區,永春里,1552,1358089,875,594,357,1072,1130.30,129.17,
信義區,富臺里,1496,1687635,1128,786,401,1424,1337.85,118.59,
信義區,長春里,1240,1083893,874,602,357,1050,1175.96,134.53,
信義區,五常里,1252,1259265,1006,647,368,1186,1385.67,137.77,
信義區,四維里,1780,1807360,1015,668,360,1233,1270.30,125.11,
信義區,雅祥里,1627,1664192,1023,684,376,1216,1340.53,131.06,
信義區,興雅里,2033,2239598,1102,720,368,1318,1511.10,137.17,
信義區,廣居里,2730,3381451,1239,780,410,1589,1501.17,121.20,
信義區,中行里,2519,2148627,853,610,364,1066,853.59,100.07,
信義區,四育里,1815,1683343,927,671,372,1183,902.85,97.35,
信義區,國業里,2504,3126111,1248,796,415,1532,2666.63,213.60,
信義區,松光里,1703,1685228,990,675,389,1242,1048.64,105.97,
信義區,大仁里,1260,1076289,854,592,348,1054,853.38,99.90,
信義區,雙和里,2393,2396901,1002,693,394,1258,1076.55,107.48,
信義區,黎安里,433,317335,733,506,312,856,783.43,106.90,
信義區,三張里,3044,4386892,1441,698,377,1347,6111.54,424.07,
